title,price,link,status
Jumbo coloring book,102.00BrIncluding VAT,https://addisber.com/shop/jumbo-coloring-book/,existing
Pinocchio coloring and activity book,186.00Br,https://addisber.com/shop/pinocchio-coloring-and-activity-book/,existing
Sponge Bob Fun Activity Dot to Dot,341.00BrIncluding VAT,https://addisber.com/shop/sponge-bob-fun-activity-dot-to-dot/,existing
Wild world Jumbo Coloring and Activity Book,371.00BrIncluding VAT,https://addisber.com/shop/wild-world-jumbo-coloring-and-activity-book/,existing
Power Rangers coloring & activity book with mask & stickers,371.00BrIncluding VAT,https://addisber.com/shop/power-rangers-coloring-activity-book-with-mask-stickers/,existing
Scooby-Doo jumbo coloring & activity book,371.00BrIncluding VAT,https://addisber.com/shop/scooby-doo-jumbo-coloring-activity-book/,existing
Modeling Clay 200g,274.00BrIncluding VAT,https://addisber.com/shop/modeling-clay-150g/,existing
Modeling Clay 100g,574.00BrIncluding VAT,https://addisber.com/shop/modeling-clay/,existing
Word Search Universal History,252.00BrIncluding VAT,https://addisber.com/shop/word-search-universal-history/,existing
Made Line Clay Kids Art,499.00BrIncluding VAT,https://addisber.com/shop/made-line-clay-kids-art/,existing
Mulan Heart Of Warrior  Colortivity Book,370.00BrIncluding VAT,https://addisber.com/shop/mulan-heart-of-warrior-colortivity-book/,existing
Word Search Cultures Around The World,251.00Br,https://addisber.com/shop/word-search-cultures-around-the-world/,existing
Word Search Universal Geography,252.00BrIncluding VAT,https://addisber.com/shop/word-search-universal-geography/,existing
Jumbo Book to Color Cuddle Buddy,371.00BrIncluding VAT,https://addisber.com/shop/jumbo-book-to-color-cuddle-buddy/,existing
Barbie Coloring book,273.00BrIncluding VAT,https://addisber.com/shop/barbie-coloring-book/,existing
The Alphabet Work Book,371.00BrIncluding VAT,https://addisber.com/shop/the-alphabet-work-book/,existing
Work  Book Belle Mickey addition and subtraction,297.00BrIncluding VAT,https://addisber.com/shop/work-book-belle-mickey-addition-and-subtraction/,existing
Work Book Belle Lion king addition and subtraction,297.00Br,https://addisber.com/shop/work-book-belle-lion-king-addition-and-subtraction/,existing
Just for Girls Coloring Book,272.00BrIncluding VAT,https://addisber.com/shop/just-for-girls-coloring-book/,existing
The lion Guard Giant Coloring and activity Book- Stranger Together,371.00Br,https://addisber.com/shop/the-lion-guard-giant-coloring-and-activity-book-stranger-together/,existing
Spider Man With Mask and Stickers Coloring Book,285.00Br,https://addisber.com/shop/spider-man-with-mask-and-stickers-coloring-book/,existing
Creating Mandalas coloring book,330.00Br,https://addisber.com/shop/creating-mandalas-coloring-book/,existing
MARVEL THE AVENGERS COLORING BOOK â€“ SAVING THE WORLD,371.00Br,https://addisber.com/shop/marvel-the-avengers-coloring-book-saving-the-world/,existing
The Lion Guard Coloring Book,371.00Br,https://addisber.com/shop/the-lion-guard-coloring-book/,existing
