title,price,link,highlight
HP EliteBook 840 G7  (Call for Availability),"Br52,500.00",https://dagicomputers.com/product/hp-elitebook-840-g7-2/,New
HP EliteBook 1030 (Call for Availability),"Br49,500.00",https://dagicomputers.com/product/hp-elitebook-1030/,Existing
HP OMEN Gaming Laptop (Call for Availability),"Br105,500.00",https://dagicomputers.com/product/hp-omen-gaming-laptop/,Existing
Hp Victus 15 Gaming Laptop (Call for Availability),"Br112,500.00",https://dagicomputers.com/product/hp-victus-15-gaming-laptop/,Existing
HP Victus 16 Gaming Laptop (Call for Availability),"Br114,500.00",https://dagicomputers.com/product/hp-victus-16-gaming-laptop/,Existing
HP ZBook Firefly 14 G7 (Call for Availability),"Br57,500.00",https://dagicomputers.com/product/hp-zbook-firefly-14-g7/,Existing
HP EliteBook X360 1040 G6 (Call for Availability),"Br56,500.00",https://dagicomputers.com/product/hp-elitebook-x360-1040-g6-14-1-convertible-touchscreen/,Existing
Brand New HP EliteBook x360 Touch Screen,"Br67,500.00",https://dagicomputers.com/product/brand-new-hp-elitebook-x360-touch-screen/,Existing
HP Pavilion Plus 16 (Call for Availability),"Br98,500.00",https://dagicomputers.com/product/hp-pavilion-plus-16/,Existing
HP Pavilion Plus 14 (Call for Availability),"Br98,500.00",https://dagicomputers.com/product/hp-pavilion-plus-14-2/,Existing
HP Pavilion Plus 14 (Call for Availability),"Br82,500.00",https://dagicomputers.com/product/hp-pavilion-plus-14/,Existing
HP Pavilion Plus 15 (Call for Availability),"Br79,500.00",https://dagicomputers.com/product/hp-pavilion-plus-15/,Existing
Hp EliteBook 840 G8 (Call for Availability),"Br68,500.00",https://dagicomputers.com/product/hp-elitebook-840-g8/,Existing
HP ProBook 450 G8 (Call for Availability),"Br57,500.00",https://dagicomputers.com/product/hp-probook-450-g8/,Existing
HP Omen 15 ek0xxx (Call for Availability),"Br109,500.00",https://dagicomputers.com/product/hp-omen-15-ek0xxx/,Existing
HP Pavilion (Call for Availability),"Br78,500.00",https://dagicomputers.com/product/hp-pavilion-2/,Existing
HP Envy x360 Convertible (Call for Availability),"Br57,500.00",https://dagicomputers.com/product/hp-envy-x360-convertible-call-for-availability/,Existing
HP Notebook (Call for Availability),"Br58,500.00",https://dagicomputers.com/product/hp-notebook/,Existing
Victus 15-fa1xxx (Call for Availability),"Br124,500.00",https://dagicomputers.com/product/victus-15-fa1xxx/,Existing
Victus 15-fb2xxx (Call for Availability),"Br94,500.00",https://dagicomputers.com/product/victus-15-fb2xxx/,Existing
HP Pavilion (14.1” or 15.6”) (Call for Availability),"Br52,500.00",https://dagicomputers.com/product/hp-pavilion-14-1-or-15-6/,Existing
HP Pavilion 2023 Laptops (Call for Availability),"Br68,500.00",https://dagicomputers.com/product/hp-pavilion-2023-laptops/,Existing
HP Victus Gaming Laptop (Call for Availability),"Br109,500.00",https://dagicomputers.com/product/hp-victus-gaming-laptop/,Existing
HP 14-ce2xxx Laptop (Call for Availability),"Br55,500.00",https://dagicomputers.com/product/hp-14-ce2xxx-laptop/,Existing
HP Envy x360 (Call for Availability),"Br95,500.00",https://dagicomputers.com/product/hp-envy-x360/,Existing
Victus 15-fb1xxx (Call Availability),"Br119,500.00",https://dagicomputers.com/product/victus-15-fb1xxx/,Existing
HP OMEN 16 Gaming Laptop (Call for Availability),"Br118,500.00",https://dagicomputers.com/product/hp-omen-16-gaming-laptop-call-for-availability/,Existing
Hp EliteBook 840 G8 (Call for Availability),"Br56,500.00",https://dagicomputers.com/product/hp-elitebook-840-g8-call-for-availability/,Existing
Hp envy 16 x360 convertible (Call for Availability),"Br132,500.00",https://dagicomputers.com/product/hp-envy-16-x360-convertible-call-for-availability/,Existing
HP EliteBook 840 G9 (Call for Availability),"Br74,500.00",https://dagicomputers.com/product/hp-elitebook-840-g9-call-for-availability/,Existing
HP EliteBook x360 830 G8,"Br62,500.00",https://dagicomputers.com/product/hp-elitebook-x360-830-g8/,Existing
HP ZBook Firefly 840 14 G7,"Br59,500.00",https://dagicomputers.com/product/hp-zbook-firefly-840-14-g7/,Existing
HP Pavilion gaming 15-ec1xxx,"Br78,500.00",https://dagicomputers.com/product/hp-pavilion-gaming-15-ec1xxx/,Existing
HP Envy ew00 2 in 1,"Br79,500.00",https://dagicomputers.com/product/hp-envy-ew00-2-in-1/,Existing
HP 250 G9,"Br76,500.00",https://dagicomputers.com/product/hp-250-g9/,Existing
HP Pavilion 15-ec2xxx,"Br92,500.00",https://dagicomputers.com/product/hp-pavilion-15-ec2xxx/,Existing
HP Pavilion x360,"Br68,500.00",https://dagicomputers.com/product/hp-pavilion-x360/,Existing
HP Pavilion 13th Generation,"Br98,500.00",https://dagicomputers.com/product/hp-pavilion-13th-generation/,Existing
HP 2023 13th Generation,"Br77,500.00",https://dagicomputers.com/product/hp-2023-13th-generation/,Existing
HP Victus Gaming 2024,"Br118,500.00",https://dagicomputers.com/product/hp-victus-gaming-2024/,Existing
HP ELITBOOK 845 G8,"Br49,500.00",https://dagicomputers.com/product/hp-elitbook-845-g8-2/,Existing
HP ELITBOOK 845 G8,"Br54,500.00",https://dagicomputers.com/product/hp-elitbook-845-g8/,Existing
HP ENVY x360 2024 14th Gen,"Br128,500.00",https://dagicomputers.com/product/hp-envy-x360-2024-14th-gen/,Existing
HP EliteBook 830 G8,"Br67,500.00",https://dagicomputers.com/product/hp-elitebook-830-g8/,Existing
HP EliteBook 840 G7,"Br58,500.00",https://dagicomputers.com/product/hp-elitebook-840-g7/,Existing
HP EliteBook 845 G7,"Br54,500.00",https://dagicomputers.com/product/hp-elitebook-845-g7/,Existing
Hp EliteBook 850,"Br46,500.00",https://dagicomputers.com/product/hp-elitebook-850/,Existing
Slim HP Pavilion 2023,"Br57,500.00",https://dagicomputers.com/product/slim-hp-pavilion-2023/,Existing
hp envy 14-es0013dx,"Br79,500.00",https://dagicomputers.com/product/hp-envy-14-es0013dx/,Existing
Hp pavilion Aero,"Br62,500.00",https://dagicomputers.com/product/hp-pavilion-aero/,Existing
Slim HP Notebook,"Br46,500.00",https://dagicomputers.com/product/slim-hp-notebook/,Existing
HP Elite Dragonfly G2,"Br84,500.00",https://dagicomputers.com/product/hp-elite-dragonfly-g2/,Existing
HP Elitbook x360 1040 G7,"Br67,500.00",https://dagicomputers.com/product/hp-elitbook-x360-1040-g7/,Existing
Slim HP 2023 Touch,"Br49,500.00",https://dagicomputers.com/product/slim-hp-2023-touch/,Existing
Hp Omen Gaming,"Br58,500.00",https://dagicomputers.com/product/hp-omen-gaming-2/,Existing
Hp ZBOOK WORKSTATION,"Br43,500.00",https://dagicomputers.com/product/hp-zbook-workstation-2/,Existing
Hp Omen Gaming,"Br59,500.00",https://dagicomputers.com/product/hp-omen-gaming/,Existing
HP Envy x360 2023,"Br73,500.00",https://dagicomputers.com/product/hp-envy-x360-2023/,Existing
hp 15s-eq2xxx,"Br47,500.00",https://dagicomputers.com/product/hp-15s-eq2xxx/,Existing
HP 15-fc0028AU,"Br46,500.00",https://dagicomputers.com/product/hp-15-fc0028au/,Existing
HP envy x360 14es1023dx,"Br128,500.00",https://dagicomputers.com/product/hp-envy-x360-14es1023dx/,Existing
HP envy 2 in 1 15-fh0xxx,"Br88,500.00",https://dagicomputers.com/product/hp-envy-2-in-1-15-fh0xxx/,Existing
HP 15-fc0xxx,"Br59,500.00",https://dagicomputers.com/product/hp-15-fc0xxx/,Existing
HP 15s-eqxxx,"Br55,500.00",https://dagicomputers.com/product/hp-15s-eqxxx/,Existing
Hp Victus gaming,"Br92,500.00",https://dagicomputers.com/product/hp-victus-gaming/,Existing
Hp Probook 430 G6,"Br33,500.00",https://dagicomputers.com/product/hp-probook-430-g6/,Existing
hp 17-cp3xxx,"Br59,500.00",https://dagicomputers.com/product/hp-17-cp3xxx/,Existing
HP EliteBook 830 G6,"Br42,500.00",https://dagicomputers.com/product/hp-elitebook-830-g6-2/,Existing
Hp Zbook 14U G6,"Br39,500.00",https://dagicomputers.com/product/hp-zbook-14u-g6/,Existing
Victus Model 16-d1xxx,"Br94,500.00",https://dagicomputers.com/product/victus-model-16-d1xxx/,Existing
HP Victus gaming 6000 Series H Processor,"Br94,500.00",https://dagicomputers.com/product/hp-victus-gaming-6000-series-h-processor/,Existing
HP Elitbook 840 G7,"Br51,500.00",https://dagicomputers.com/product/hp-elitbook-840-g7/,Existing
HP Pavilion 2024,"Br92,500.00",https://dagicomputers.com/product/hp-pavilion-2024/,Existing
HP Envy x360 2 in 1 2023,"Br73,500.00",https://dagicomputers.com/product/hp-envy-x360-2-in-1-2023-2/,Existing
HP Pavilion 15-eh3xxx,"Br63,500.00",https://dagicomputers.com/product/hp-pavilion-15-eh3xxx/,Existing
HP 16 Victus 13th generation,"Br113,500.00",https://dagicomputers.com/product/hp-16-victus-13th-generation-2/,Existing
HP 15 Victus 13th generation,"Br109,000.00",https://dagicomputers.com/product/hp-15-victus-13th-generation/,Existing
HP Specter x360 convertible,"Br142,500.00",https://dagicomputers.com/product/hp-specter-x360-convertible/,Existing
EliteBook 8th generation 830 G6,"Br36,500.00",https://dagicomputers.com/product/elitebook-8th-generation-830-g6/,Existing
HP Pavilion,"Br65,500.00",https://dagicomputers.com/product/hp-pavilion/,Existing
OMEN 15-en0xxx,"Br78,500.00",https://dagicomputers.com/product/omen-15-en0xxx/,Existing
pavilion 15-dk0xxx,"Br73,500.00",https://dagicomputers.com/product/pavilion-15-dk0xxx/,Existing
ProBook 450 G9,"Br78,500.00",https://dagicomputers.com/product/probook-450-g9/,Existing
elitbook Aero G7,"Br56,500.00",https://dagicomputers.com/product/elitbook-aero-g7/,Existing
HP Notebook 15da-2xxx,"Br42,500.00",https://dagicomputers.com/product/hp-notebook-15da-2xxx/,Existing
EliteBook x360 1040 G7,"Br67,500.00",https://dagicomputers.com/product/elitebook-x360-1040-g7/,Existing
HP EliteBook 830 G6,"Br39,500.00",https://dagicomputers.com/product/hp-elitebook-830-g6/,Existing
HP 14-dq3xxc,"Br17,500.00",https://dagicomputers.com/product/hp-14-dq3xxc/,Existing
Hp elitbook 840 G3,"Br32,500.00",https://dagicomputers.com/product/hp-elitbook-840-g3/,Existing
HP 15-da0xxx,"Br17,500.00",https://dagicomputers.com/product/hp-15-da0xxx/,Existing
HP Elitbook 1030,"Br49,500.00",https://dagicomputers.com/product/hp-elitbook-1030/,Existing
HP Intel Core i5 12th generation,"Br63,500.00",https://dagicomputers.com/product/hp-intel-core-i5-12th-generation/,Existing
HP 17 INCH 2023 13th generation,"Br63,500.00",https://dagicomputers.com/product/hp-17-inch-2023-13th-generation/,Existing
Hp EliteBook 8th generation,"Br37,500.00",https://dagicomputers.com/product/hp-elitebook-8th-generation/,Existing
Slim Hp EliteBook 8th Generation,"Br44,500.00",https://dagicomputers.com/product/slim-hp-elitebook-8th-generation-3/,Existing
Hp Elitbook folio 1040 G3,"Br33,500.00",https://dagicomputers.com/product/hp-elitbook-folio-1040-g3/,Existing
HP 15s eq1xxx,"Br41,500.00",https://dagicomputers.com/product/hp-15s-eq1xxx/,Existing
HP 14-ce3xxx,"Br57,500.00",https://dagicomputers.com/product/hp-14-ce3xxx/,Existing
HP EliteBook 840 G6,"Br49,500.00",https://dagicomputers.com/product/hp-elitebook-840-g6/,Existing
HP Zbook 14U G5,"Br39,500.00",https://dagicomputers.com/product/hp-zbook-14u-g5/,Existing
HP EliteBook 830 G7,"Br59,500.00",https://dagicomputers.com/product/hp-elitebook-830-g7/,Existing
HP Core i7 ElitBook 840 G3,"Br29,500.00",https://dagicomputers.com/product/hp-core-i7-elitbook-840-g3/,Existing
HP Victus 16-d0xxx,"Br108,500.00",https://dagicomputers.com/product/hp-victus-16-d0xxx/,Existing
HP Envy 15-ew1xxx,"Br123,500.00",https://dagicomputers.com/product/hp-envy-15-ew1xxx/,Existing
HP 240 14 inch G9 Notebook,"Br63,500.00",https://dagicomputers.com/product/hp-240-14-inch-g9-notebook/,Existing
HP Envy x360 convertible 15-bp1xx,"Br58,500.00",https://dagicomputers.com/product/hp-envy-x360-convertible-15-bp1xx/,Existing
HP Pavilion 15-cs0xxx,"Br49,500.00",https://dagicomputers.com/product/hp-pavilion-15-cs0xxx/,Existing
HP Pavilion 15-eg0xxx,"Br68,500.00",https://dagicomputers.com/product/hp-pavilion-15-eg0xxx/,Existing
HP Pavilion 15-eg2xxx,"Br74,500.00",https://dagicomputers.com/product/hp-pavilion-15-eg2xxx/,Existing
HP Pavilion 15t-eg000,"Br79,500.00",https://dagicomputers.com/product/hp-pavilion-15t-eg000/,Existing
Brand New HP Note Book hp 14-fq1112au,"Br42,500.00",https://dagicomputers.com/product/brand-new-hp-note-book-hp-14-fq1112au/,Existing
Brand New HP Note Book hp 14-dq2512sa,"Br43,500.00",https://dagicomputers.com/product/brand-new-hp-note-book-hp-14-dq2512sa/,Existing
HP 16 Victus 13th Generation,"Br109,000.00",https://dagicomputers.com/product/hp-16-victus-13th-generation/,Existing
HP Pavilion 14-ce0xxx,"Br49,500.00",https://dagicomputers.com/product/hp-pavilion-14-ce0xxx/,Existing
Hp Specter 2023,"Br142,000.00",https://dagicomputers.com/product/hp-specter-2023/,Existing
Hp Notebook Core i7 11th generation,"Br63,500.00",https://dagicomputers.com/product/hp-notebook-core-i7-11th-generation/,Existing
Hp Notebook Core i5 11th generation 15-1135G7,"Br66,500.00",https://dagicomputers.com/product/hp-notebook-core-i5-11th-generation-15-1135g7/,Existing
HP EliteBook 850 G5,"Br41,500.00",https://dagicomputers.com/product/hp-elitebook-850-g5/,Existing
Hp EliteBook 850 G3,"Br34,500.00",https://dagicomputers.com/product/hp-elitebook-850-g3/,Existing
Hp EliteBook 8th Generation 840 G5,"Br38,500.00",https://dagicomputers.com/product/hp-elitebook-8th-generation-840-g5/,Existing
HP ZBook Gaming+ Workstation,"Br85,500.00",https://dagicomputers.com/product/hp-zbook-gaming-workstation/,Existing
Hp Pavilion Gaming Core i5 11th Gen H processor,"Br78,500.00",https://dagicomputers.com/product/hp-pavilion-gaming-core-i5-11th-gen-h-processor/,Existing
HP ENVY x360 2in1,"Br75,500.00",https://dagicomputers.com/product/hp-envy-x360-2in1/,Existing
EliteBook 8th generation 840 G5,"Br38,500.00",https://dagicomputers.com/product/elitebook-8th-generation-840-g5/,Existing
HP Envy x360 2 in 1 2023,"Br70,500.00",https://dagicomputers.com/product/hp-envy-x360-2-in-1-2023/,Existing
HP 16 Victus 12 Generation,"Br106,000.00",https://dagicomputers.com/product/hp-16-victus-12-generation-2/,Existing
HP Pavilion Core i5 11th generation,"Br61,500.00",https://dagicomputers.com/product/hp-pavilion-core-i5-11th-generation/,Existing
HP Zbook studio G5,"Br81,500.00",https://dagicomputers.com/product/hp-zbook-studio-g5/,Existing
HP ElitBook 8th generation 840 G5,"Br38,500.00",https://dagicomputers.com/product/hp-elitbook-8th-generation-840-g5/,Existing
Hp ZBook workstation Studio G5,"Br71,500.00",https://dagicomputers.com/product/hp-zbook-workstation-studio-g5/,Existing
HP 16 Victus 12 Generation,"Br94,500.00",https://dagicomputers.com/product/hp-16-victus-12-generation/,Existing
HP EliteBook 840 G5,"Br42,500.00",https://dagicomputers.com/product/hp-elitebook-840-g5/,Existing
Hp Pavilion x360 14 Series,"Br71,500.00",https://dagicomputers.com/product/hp-pavilion-x360-14-series-2/,Existing
HP Elitbook 840 G3 6th Generation,"Br26,500.00",https://dagicomputers.com/product/hp-elitbook-840-g3-6th-generation/,Existing
Slim Hp EliteBook 8th Generation,"Br37,500.00",https://dagicomputers.com/product/slim-hp-elitebook-8th-generation-2/,Existing
Hp Pavilion x360 14 Series,"Br69,500.00",https://dagicomputers.com/product/hp-pavilion-x360-14-series/,Existing
HP EliteBook 850 G3 15.6 FHD Touchscreen Laptop,"Br34,500.00",https://dagicomputers.com/product/hp-elitebook-850-g3-15-6-fhd-touchscreen-laptop/,Existing
HP Envy X360 15,"Br145,000.00",https://dagicomputers.com/product/hp-envy-x360-15/,Existing
Hp ZBook workstation,"Br68,500.00",https://dagicomputers.com/product/hp-zbook-workstation/,Existing
Hp Gaming ENVY Core i5 6th Generation @3.0ghz,"Br51,500.00",https://dagicomputers.com/product/hp-gaming-envy-core-i5-6th-generation-3-0ghz/,Existing
HP OMEN X Core i5 7th Generation,"Br64,500.00",https://dagicomputers.com/product/hp-omen-x-core-i5-7th-generation/,Existing
Hp OMEN X CORE i7,"Br67,500.00",https://dagicomputers.com/product/hp-omen-x-core-i7/,Existing
HP Gaming pavilion Core i7 6th generation 8 CPU,"Br54,500.00",https://dagicomputers.com/product/hp-gaming-pavilion-core-i7-6th-generation-8-cpu/,Existing
Lenovo ThinkPad yoga 2 in 1  TOUCH SCREEN with pen,"Br32,500.00",https://dagicomputers.com/product/lenovo-thinkpad-yoga-2-in-1-touch-screen-with-pen/,Existing
Slim hp EliteBook  Core i7 8th generation 8cpu,"Br42,500.00",https://dagicomputers.com/product/slim-hp-elitebook-core-i7-8th-generation-8cpu/,Existing
Slim Hp EliteBook 1030  X360 Degree rotational touch screen,"Br37,500.00",https://dagicomputers.com/product/slim-hp-elitebook-1030-x360-degree-rotational-touch-screen/,Existing
The very latest 12 generation GAMING LAPTOP,"Br87,500.00",https://dagicomputers.com/product/the-very-latest-12-generation-gaming-laptop/,Existing
Slim Hp EliteBook 8th generation,"Br37,500.00",https://dagicomputers.com/product/slim-hp-elitebook-8th-generation/,Existing
Hp Pavilion Gaming 2022,"Br78,500.00",https://dagicomputers.com/product/hp-pavilion-gaming-2022/,Existing
Hp Gaming Laptop Core i7 8th generation 4 cores 8 CPU Core i7-8550U  up to 4.0ghz,"Br47,500.00",https://dagicomputers.com/product/hp-gaming-laptop-core-i7-8th-generation-4-cores-8-cpu-core-i7-8550u-up-to-4-0ghz/,Existing
Slim HP Elite 8th Gen,"Br37,500.00",https://dagicomputers.com/product/slim-hp-elite-8th-gen/,Existing
HP Slim Elitebook,"Br38,500.00",https://dagicomputers.com/product/hp-slim-elitebook/,Existing
Brand New Laptop,"Br98,000.00",https://dagicomputers.com/product/brand-new-laptop/,Existing
HP Elite X360 Notebook,"Br66,500.00",https://dagicomputers.com/product/hp-elite-x360-notebook/,Existing
Brand New HP Elitebook,"Br58,500.00",https://dagicomputers.com/product/brand-new-hp-elitebook/,Existing
Super Slim HP,"Br58,800.00",https://dagicomputers.com/product/super-slim-hp/,Existing
HP X360,"Br50,500.00",https://dagicomputers.com/product/hp-x360/,Existing
Brand New HP Notebook,"Br58,500.00",https://dagicomputers.com/product/brand-new-hp-notebook/,Existing
HP Elite Book 8th Generation,"Br38,500.00",https://dagicomputers.com/product/hp-elite-book-8th-generation/,Existing
HP OMEN Core i7,"Br73,500.00",https://dagicomputers.com/product/hp-omen-core-i7/,Existing
Slim HP Elite Book,"Br44,500.00",https://dagicomputers.com/product/slim-hp-elite-book/,Existing
HP Pvilion Gaming 2022,"Br78,500.00",https://dagicomputers.com/product/hp-pvilion-gaming-2022/,Existing
Slim HP Core i7,"Br31,500.00",https://dagicomputers.com/product/slim-hp-core-i7/,Existing
Touch Screen Slim Hp Elite Book,"Br25,800.00",https://dagicomputers.com/product/touch-screen-slim-hp-elite-book/,Existing
HP Envy 360 Convertible,"Br52,500.00",https://dagicomputers.com/product/hp-envy-360-convertible/,Existing
