link,highlight
https://dagicomputers.com/product/victus-15-fb1xxx/,New
https://dagicomputers.com/product/hp-omen-16-gaming-laptop-call-for-availability/,New
https://dagicomputers.com/product/hp-elitebook-840-g8-call-for-availability/,New
https://dagicomputers.com/product/hp-envy-16-x360-convertible-call-for-availability/,New
https://dagicomputers.com/product/hp-elitebook-840-g9-call-for-availability/,New
https://dagicomputers.com/product/hp-elitebook-x360-830-g8/,New
https://dagicomputers.com/product/hp-zbook-firefly-840-14-g7/,New
https://dagicomputers.com/product/hp-pavilion-gaming-15-ec1xxx/,New
https://dagicomputers.com/product/hp-envy-ew00-2-in-1/,New
https://dagicomputers.com/product/hp-250-g9/,New
https://dagicomputers.com/product/hp-pavilion-15-ec2xxx/,New
https://dagicomputers.com/product/hp-pavilion-x360/,New
