Title,Price,Description,Condition,Location
High Qulaity Men Shoes,4800.0,Master QualitySize - 39 40 41 42 43 44 Price 4800 Free Delivery Telegram Contact @Bkbrand1 Phone Number +251909111746 ...,N/A,Addis Ababa
Football Shoes,3500.0,Nike Football Shoes Master Quality Made in VeitnamSize - 39 40 41 42 43 44 Price 3500 Free Delivery Telegram Contact @Bkbrandshoes1 Phone Number +251909111746 ...,New,Addis Ababa
Quality Men Shoes,3999.0,Master QualitySize - 39 40 41 42 43 44 Price 3999 Free Delivery Telegram Contact @Bkbrand1 Phone Number +251909111746 ...,N/A,Addis Ababa
Quality Men Shoes,3000.0,Master QualitySize - 39 40 41 42 43 44 Price 3000 Free Delivery Telegram Contact @Bkbrand1 Phone Number +251909111746 +251943099052 ...,N/A,Addis Ababa
Quality Men Shoes,3999.0,Master QualitySize - 39 40 41 42 43 44 Price 3999 Free Delivery Telegram Contact @Bkbrand1 Phone Number +251909111746 ...,N/A,Addis Ababa
Airforce,3999.0,Airforce Master Quality Made in VeitnamSize - 40 41 42 43 44 Price 3999 Free Delivery Telegram Contact @Bkbrandshoes1 Phone Number +251909111746 ...,New,Addis Ababa
High Quality Men Shoes,3500.0,Master QualitySize - 39 40 41 42 43 44 Price 3500 Free Delivery Telegram Contact @Bkbrand1 Phone Number +251909111746 ...,N/A,Addis Ababa
High Quality Men Shoes,3500.0,Master QualitySize - 39 40 41 42 43 44 Price 3500 Free Delivery Telegram Contact @Bkbrand1 Phone Number +251909111746 ...,N/A,Addis Ababa
High Quality Men Shoes,4800.0,Master QualitySize - 39 40 41 42 43 44 Price 4800 Free Delivery Telegram Contact @Bkbrand1 Phone Number +251909111746 ...,N/A,Addis Ababa
Versace Shoes,3999.0,Master QualitySize - 39 40 41 42 43 44 Price 3999 Free Delivery Telegram Contact @Bkbrand1 Phone Number +251909111746 ...,New,Addis Ababa
Versace Shoes,3999.0,Master QualitySize - 39 40 41 42 43 44 Price 3999 Free Delivery Telegram Contact @Bkbrand1 Phone Number +251909111746 ...,New,Addis Ababa
High Quality Men Shoes,4500.0,Master QualitySize - 39 40 41 42 43 44 Price 4500 Free Delivery Telegram Contact @Bkbrand1 Phone Number +251909111746 ...,N/A,Addis Ababa
High Quality Men Shoes,4500.0,Master QualitySize - 39 40 41 42 43 44 Price 4500 Free Delivery Telegram Contact @Bkbrand1 Phone Number +251909111746 ...,N/A,Addis Ababa
High Quality Men Shoes,4500.0,Master QualitySize - 39 40 41 42 43 44 Price 4500 Free Delivery Telegram Contact @Bkbrand1 Phone Number +251909111746 ...,N/A,Addis Ababa
Quality Men Shoes,3100.0,Master QualitySize - 39 40 41 42 43 44 Price 3100 Free Delivery Telegram Contact @Bkbrand1 Phone Number +251909111746 ...,N/A,Addis Ababa
Men Shoes,2999.0,Master QualitySize - 39 40 41 42 43 44 Price 2999 Free Delivery Telegram Contact @Bkbrandshoes1 Phone Number +251909111746 +251943099052 https://t.me/Bkbrandshoes...,New,Addis Ababa
