title,price,location,link
Original Nike Zoom Mercurial Vapor 15 Academy Black Shoe,"4,300ETB",Addis Ababa,https://engocha.com/classifieds/177416-original-nike-zoom-mercurial-vapor-15-academy-black-shoe?utm_source=engocha&utm_medium=web&utm_content=category&utm_position=1&utm_ref=men%27s%20shoes&utm_campaign=sponsored%20diamond
Original Nike Zoom Mercurial Vapor 15 Academy Black Shoe,"4,300ETB",Addis Ababa,https://engocha.com/classifieds/177416-original-nike-zoom-mercurial-vapor-15-academy-black-shoe?utm_source=engocha&utm_medium=web&utm_content=category&utm_position=2&utm_ref=men%27s%20shoes&utm_campaign=normal
mans shose,"5,500ETB",Addis Ababa,https://engocha.com/classifieds/181162-mans-shose?utm_source=engocha&utm_medium=web&utm_content=category&utm_position=3&utm_ref=men%27s%20shoes&utm_campaign=normal
Football Shoes,"3,500ETB",Addis Ababa,https://engocha.com/classifieds/169665-football-shoes?utm_source=engocha&utm_medium=web&utm_content=category&utm_position=4&utm_ref=men%27s%20shoes&utm_campaign=normal
Nike Dunk,"7,000ETB",Addis Ababa,https://engocha.com/classifieds/180971-nike-dunk?utm_source=engocha&utm_medium=web&utm_content=category&utm_position=5&utm_ref=men%27s%20shoes&utm_campaign=normal
Air force 1,"6,500ETB",Addis Ababa,https://engocha.com/classifieds/180970-air-force-1?utm_source=engocha&utm_medium=web&utm_content=category&utm_position=6&utm_ref=men%27s%20shoes&utm_campaign=normal
Nike Sport shose,"5,500ETB",Addis Ababa,https://engocha.com/classifieds/180965-nike-sport-shose?utm_source=engocha&utm_medium=web&utm_content=category&utm_position=7&utm_ref=men%27s%20shoes&utm_campaign=normal
mans shose,"5,500ETB",Addis Ababa,https://engocha.com/classifieds/180964-mans-shose?utm_source=engocha&utm_medium=web&utm_content=category&utm_position=8&utm_ref=men%27s%20shoes&utm_campaign=normal
nike kyrie flytrapv,"15,000ETB",Addis Ababa,https://engocha.com/classifieds/171555-nike-kyrie-flytrapv?utm_source=engocha&utm_medium=web&utm_content=category&utm_position=9&utm_ref=men%27s%20shoes&utm_campaign=normal
ምርጥ ጫማዎች,"3,500ETB",Addis Ababa,https://engocha.com/classifieds/179717-?utm_source=engocha&utm_medium=web&utm_content=category&utm_position=10&utm_ref=men%27s%20shoes&utm_campaign=normal
shoes,"4,500ETB",Addis Ababa,https://engocha.com/classifieds/178716-shoes?utm_source=engocha&utm_medium=web&utm_content=category&utm_position=11&utm_ref=men%27s%20shoes&utm_campaign=normal
travis scott x air jordan 1 low,"3,500ETB",Addis Ababa,https://engocha.com/classifieds/103669-travis-scott-x-air-jordan-1-low?utm_source=engocha&utm_medium=web&utm_content=category&utm_position=12&utm_ref=men%27s%20shoes&utm_campaign=normal
Nike X drake nocta,"4,300ETB",Addis Ababa,https://engocha.com/classifieds/106653-nike-x-drake-nocta?utm_source=engocha&utm_medium=web&utm_content=category&utm_position=13&utm_ref=men%27s%20shoes&utm_campaign=normal
nike airforce 1,"1,900ETB",Addis Ababa,https://engocha.com/classifieds/174008-nike-airforce-1?utm_source=engocha&utm_medium=web&utm_content=category&utm_position=14&utm_ref=men%27s%20shoes&utm_campaign=normal
Nike shoes,"2,999ETB",Addis Ababa,https://engocha.com/classifieds/172174-nike-shoes?utm_source=engocha&utm_medium=web&utm_content=category&utm_position=15&utm_ref=men%27s%20shoes&utm_campaign=normal
Nike Lunar Black shoes️,"6,999ETB",Addis Ababa,https://engocha.com/classifieds/162401-nike-lunar-black-shoes?utm_source=engocha&utm_medium=web&utm_content=category&utm_position=16&utm_ref=men%27s%20shoes&utm_campaign=normal
Nike Blazer Mid Victory ShoesMaster quality,"6,499ETB",Addis Ababa,https://engocha.com/classifieds/167328-nike-blazer-mid-victory-shoesmaster-quality?utm_source=engocha&utm_medium=web&utm_content=category&utm_position=17&utm_ref=men%27s%20shoes&utm_campaign=normal
