title,price,link
2004 Honda foreman 450es,"$2,500",https://web.facebook.com/marketplace/item/1542134659825943/?ref=browse_tab&referral_code=marketplace_top_picks&referral_story_type=top_picks&__tn__=!%3AD
1985 Burro camp trailer,"$11,500",https://web.facebook.com/marketplace/item/579879898350259/?ref=browse_tab&referral_code=marketplace_top_picks&referral_story_type=top_picks&__tn__=!%3AD
1 Bed 1 Bath House,"$1,250",https://web.facebook.com/marketplace/item/952289133446441/?ref=browse_tab&referral_code=marketplace_top_picks&referral_story_type=top_picks&__tn__=!%3AD
Gazebo with assembly = $1200,"$1,200",https://web.facebook.com/marketplace/item/579714411614165/?ref=browse_tab&referral_code=marketplace_top_picks&referral_story_type=top_picks&__tn__=!%3AD
2023 Kawasaki ninja,"$2,700",https://web.facebook.com/marketplace/item/1610725016989448/?ref=browse_tab&referral_code=marketplace_top_picks&referral_story_type=top_picks&__tn__=!%3AD
√Årbol de Guayaba Rosita/Blanca,$100,https://web.facebook.com/marketplace/item/1154268649827991/?ref=browse_tab&referral_code=marketplace_top_picks&referral_story_type=top_picks&__tn__=!%3AD
Dinning Table & Chairs,FREE,https://web.facebook.com/marketplace/item/8997793000289430/?ref=browse_tab&referral_code=marketplace_top_picks&referral_story_type=top_picks&__tn__=!%3AD
Kyokuto VG10 Damascus Knives Set - Brand New,$225,https://web.facebook.com/marketplace/item/1246678816435141/?ref=browse_tab&referral_code=marketplace_top_picks&referral_story_type=top_picks&__tn__=!%3AD
2011 Dodge charger R/T Sedan 4D,"$3,800",https://web.facebook.com/marketplace/item/2057133524709955/?ref=browse_tab&referral_code=marketplace_top_picks&referral_story_type=top_picks&__tn__=!%3AD
Antique large steel open wrench from Ireland,$30,https://web.facebook.com/marketplace/item/612899165024304/?ref=browse_tab&referral_code=marketplace_top_picks&referral_story_type=top_picks&__tn__=!%3AD
Rolls of mercuries and barber,$175,https://web.facebook.com/marketplace/item/557373290275773/?ref=browse_tab&referral_code=marketplace_top_picks&referral_story_type=top_picks&__tn__=!%3AD
1996 Pleasure Way stw,"$10,500",https://web.facebook.com/marketplace/item/642460838463550/?ref=browse_tab&referral_code=marketplace_top_picks&referral_story_type=top_picks&__tn__=!%3AD
2023 Lectric e trike,$900,https://web.facebook.com/marketplace/item/888561350020316/?ref=browse_tab&referral_code=marketplace_top_picks&referral_story_type=top_picks&__tn__=!%3AD
Talaria Sting R MX4 excellent condition low mileage,"$2,700",https://web.facebook.com/marketplace/item/1135763478283628/?ref=browse_tab&referral_code=marketplace_top_picks&referral_story_type=top_picks&__tn__=!%3AD
Masajes para hombres disponible,$85,https://web.facebook.com/marketplace/item/1292140465427082/?ref=browse_tab&referral_code=marketplace_top_picks&referral_story_type=top_picks&__tn__=!%3AD
Pet Sitter Needed - Immediate,$70,https://web.facebook.com/marketplace/item/3032717233573229/?ref=browse_tab&referral_code=marketplace_top_picks&referral_story_type=top_picks&__tn__=!%3AD
Follow,,https://www.facebook.com/people/Mikhal-Mike/pfbid02MmDNjvZfgmabqiaCFuRzSuNNy5DjpCuKy2z8HeVe28V9kaDfBvnCpNRkRvBXsttMl/
Puma woman's shoes,,https://web.facebook.com/marketplace/item/1384861839167037/?ref=marketplace_profile&referral_code=undefined&__tn__=!%3AD
Tiger women shose,"ETB6,500",https://web.facebook.com/marketplace/item/948264810292033/?ref=marketplace_profile&referral_code=undefined&__tn__=!%3AD
Nike air force,"ETB7,000",https://web.facebook.com/marketplace/item/1769135587242128/?ref=marketplace_profile&referral_code=undefined&__tn__=!%3AD
"Nike man,s shose","ETB7,000",https://web.facebook.com/marketplace/item/454448660934665/?ref=marketplace_profile&referral_code=undefined&__tn__=!%3AD
Nike mans shose,"ETB7,000",https://web.facebook.com/marketplace/item/502386096219295/?ref=marketplace_profile&referral_code=undefined&__tn__=!%3AD
Nike Court vision,"ETB7,000",https://web.facebook.com/marketplace/item/8830128763764725/?ref=marketplace_profile&referral_code=undefined&__tn__=!%3AD
Nike Air force 1,"ETB7,000",https://web.facebook.com/marketplace/item/1253248025750883/?ref=marketplace_profile&referral_code=undefined&__tn__=!%3AD
Nike Air force,"ETB7,000",https://web.facebook.com/marketplace/item/2921836531313933/?ref=marketplace_profile&referral_code=undefined&__tn__=!%3AD
New balance 327,"ETB6,500",https://web.facebook.com/marketplace/item/524943953936058/?ref=marketplace_profile&referral_code=undefined&__tn__=!%3AD
Nike Air Jordan 1,"ETB6,000",https://web.facebook.com/marketplace/item/1401353467544464/?ref=marketplace_profile&referral_code=undefined&__tn__=!%3AD
Nike Gortex,"ETB8,000",https://web.facebook.com/marketplace/item/1671035670114255/?ref=marketplace_profile&referral_code=undefined&__tn__=!%3AD
Jordan 5,"ETB7,000",https://web.facebook.com/marketplace/item/1260358011695957/?ref=marketplace_profile&referral_code=undefined&__tn__=!%3AD
2011 BMW f650gs,$800,https://web.facebook.com/marketplace/item/618205537829892/?ref=browse_tab&referral_code=marketplace_top_picks&referral_story_type=top_picks&__tn__=!%3AD
2019,"$26,000",https://web.facebook.com/marketplace/item/1627995151132861/?ref=browse_tab&referral_code=marketplace_top_picks&referral_story_type=top_picks&__tn__=!%3AD
1996 Ford f350 regular cab Xlt,"$8,500",https://web.facebook.com/marketplace/item/1658370401721832/?ref=browse_tab&referral_code=marketplace_top_picks&referral_story_type=top_picks&__tn__=!%3AD
96 EZ GO TXT,"$1,000",https://web.facebook.com/marketplace/item/1127538742439193/?ref=browse_tab&referral_code=marketplace_top_picks&referral_story_type=top_picks&__tn__=!%3AD
Double burner stock range,$128,https://web.facebook.com/marketplace/item/542426425472450/?ref=browse_tab&referral_code=marketplace_top_picks&referral_story_type=top_picks&__tn__=!%3AD
1981 Honda passport,$800,https://web.facebook.com/marketplace/item/2381456922191883/?ref=browse_tab&referral_code=marketplace_top_picks&referral_story_type=top_picks&__tn__=!%3AD
20 miles BMW 826M Black wheels w/ Michelin tires - G80 G82 G83 G87,"$3,500",https://web.facebook.com/marketplace/item/1116391330186940/?ref=browse_tab&referral_code=marketplace_top_picks&referral_story_type=top_picks&__tn__=!%3AD
2003 Forest River rockwood roo,"$2,900",https://web.facebook.com/marketplace/item/592807506862142/?ref=browse_tab&referral_code=marketplace_top_picks&referral_story_type=top_picks&__tn__=!%3AD
1978 Yaght s2 11,"$2,500",https://web.facebook.com/marketplace/item/1124444982277936/?ref=browse_tab&referral_code=marketplace_top_picks&referral_story_type=top_picks&__tn__=!%3AD
Liberty Safe,"$1,300",https://web.facebook.com/marketplace/item/610254371703633/?ref=browse_tab&referral_code=marketplace_top_picks&referral_story_type=top_picks&__tn__=!%3AD
1992 Honda prelude si,"$4,500",https://web.facebook.com/marketplace/item/1769613737220456/?ref=browse_tab&referral_code=marketplace_top_picks&referral_story_type=top_picks&__tn__=!%3AD
Like new beautiful hutch,$300,https://web.facebook.com/marketplace/item/1615529835751099/?ref=browse_tab&referral_code=marketplace_top_picks&referral_story_type=top_picks&__tn__=!%3AD
Studio 1 Bath - Apartment,"$1,750",https://web.facebook.com/marketplace/item/1537713610268915/?ref=browse_tab&referral_code=marketplace_top_picks&referral_story_type=top_picks&__tn__=!%3AD
"Backhoe Skid steer attachment Mustang MBH9H - $3,400","$3,400",https://web.facebook.com/marketplace/item/503111222807163/?ref=browse_tab&referral_code=marketplace_top_picks&referral_story_type=top_picks&__tn__=!%3AD
1983 Ford hscr,"$5,000",https://web.facebook.com/marketplace/item/1483336782622875/?ref=browse_tab&referral_code=marketplace_top_picks&referral_story_type=top_picks&__tn__=!%3AD
Dirt Bike,$100,https://web.facebook.com/marketplace/item/1116082609999857/?ref=browse_tab&referral_code=marketplace_top_picks&referral_story_type=top_picks&__tn__=!%3AD
2008 Harley-Davidson sportster nightster,"$4,000",https://web.facebook.com/marketplace/item/937457921904006/?ref=browse_tab&referral_code=marketplace_top_picks&referral_story_type=top_picks&__tn__=!%3AD
Follow,,https://www.facebook.com/people/Mikhal-Mike/pfbid02MrMQPWMPETu3s52adYxvPBfTEdXNA5rTTUfkNNMekumwWdie4CQ91Q5mEBSEKChTl/
All Star,"ETB4,500",https://web.facebook.com/marketplace/item/2031248643969424/?ref=marketplace_profile&referral_code=undefined&__tn__=!%3AD
Nike Air Jordan 1,"ETB6,500",https://web.facebook.com/marketplace/item/1281605623071184/?ref=marketplace_profile&referral_code=undefined&__tn__=!%3AD
mustang wheels,$400,https://web.facebook.com/marketplace/item/1892999661108539/?ref=browse_tab&referral_code=marketplace_top_picks&referral_story_type=top_picks&__tn__=!%3AD
2013 Honda pcx,"$1,200",https://web.facebook.com/marketplace/item/989697303022152/?ref=browse_tab&referral_code=marketplace_top_picks&referral_story_type=top_picks&__tn__=!%3AD
Beautiful Burl Wood Clock,$25,https://web.facebook.com/marketplace/item/1387500235954761/?ref=browse_tab&referral_code=marketplace_top_picks&referral_story_type=top_picks&__tn__=!%3AD
2012 Ford f250 super duty regular cab XLT Pickup 2D 8 ft,"$25,000",https://web.facebook.com/marketplace/item/566727119662112/?ref=browse_tab&referral_code=marketplace_top_picks&referral_story_type=top_picks&__tn__=!%3AD
Bunk Bed Frame,$20,https://web.facebook.com/marketplace/item/1323949018646520/?ref=browse_tab&referral_code=marketplace_top_picks&referral_story_type=top_picks&__tn__=!%3AD
Lucky eggs vending machine,$300,https://web.facebook.com/marketplace/item/3635305410095184/?ref=browse_tab&referral_code=marketplace_top_picks&referral_story_type=top_picks&__tn__=!%3AD
Dutch oven cast iron,$10,https://web.facebook.com/marketplace/item/404410372734118/?ref=browse_tab&referral_code=marketplace_top_picks&referral_story_type=top_picks&__tn__=!%3AD
2020 KX 85,"$3,200",https://web.facebook.com/marketplace/item/593330459959904/?ref=browse_tab&referral_code=marketplace_top_picks&referral_story_type=top_picks&__tn__=!%3AD
1958 Triumph tr3a,"$17,700",https://web.facebook.com/marketplace/item/1280833906547622/?ref=browse_tab&referral_code=marketplace_top_picks&referral_story_type=top_picks&__tn__=!%3AD
Specialized Turbo Levo,"$1,900",https://web.facebook.com/marketplace/item/1531499601571461/?ref=browse_tab&referral_code=marketplace_top_picks&referral_story_type=top_picks&__tn__=!%3AD
ONAN CUMMINS 4000 GENERATOR EMERALD PLUS res ONAN Cummins de 4000,$440,https://web.facebook.com/marketplace/item/569735442498825/?ref=browse_tab&referral_code=marketplace_top_picks&referral_story_type=top_picks&__tn__=!%3AD
brown carhartt jacket,$80,https://web.facebook.com/marketplace/item/962736858774845/?ref=browse_tab&referral_code=marketplace_top_picks&referral_story_type=top_picks&__tn__=!%3AD
Vevor mini pottery wheel,$35,https://web.facebook.com/marketplace/item/618535617425842/?ref=browse_tab&referral_code=marketplace_top_picks&referral_story_type=top_picks&__tn__=!%3AD
Modded WT1048 Carbs,$115,https://web.facebook.com/marketplace/item/1068402000855635/?ref=browse_tab&referral_code=marketplace_top_picks&referral_story_type=top_picks&__tn__=!%3AD
Suicune card Pok√©mon #14 foil 2001,$45,https://web.facebook.com/marketplace/item/925815739749160/?ref=browse_tab&referral_code=marketplace_top_picks&referral_story_type=top_picks&__tn__=!%3AD
bath room or leaving room lam,$40,https://web.facebook.com/marketplace/item/455262117640583/?ref=browse_tab&referral_code=marketplace_top_picks&referral_story_type=top_picks&__tn__=!%3AD
Follow,,https://www.facebook.com/people/Mikhal-Mike/pfbid0JJiDULj2PJbnZB62ihG6FprateVVPb6WKanTZvtghPwK9XGsa5sHExD61Mtr5vWHl/
2008 Harley-Davidson roadglide,"$6,000",https://web.facebook.com/marketplace/item/1156948719322298/?ref=browse_tab&referral_code=marketplace_top_picks&referral_story_type=top_picks&__tn__=!%3AD
2015 Honda fit EX Hatchback 4D,"$6,500",https://web.facebook.com/marketplace/item/2287547681615651/?ref=browse_tab&referral_code=marketplace_top_picks&referral_story_type=top_picks&__tn__=!%3AD
1994 Toyota sea breeze,"$15,800",https://web.facebook.com/marketplace/item/1963625060793633/?ref=browse_tab&referral_code=marketplace_top_picks&referral_story_type=top_picks&__tn__=!%3AD
2010 Ford fusion Se,"$3,300",https://web.facebook.com/marketplace/item/1789420061882115/?ref=browse_tab&referral_code=marketplace_top_picks&referral_story_type=top_picks&__tn__=!%3AD
Chevy chevelle bench or tv stand üòé,"$1,200",https://web.facebook.com/marketplace/item/1381312019699237/?ref=browse_tab&referral_code=marketplace_top_picks&referral_story_type=top_picks&__tn__=!%3AD
Gantry crane and cherry picker for sale,$600,https://web.facebook.com/marketplace/item/1177822470314981/?ref=browse_tab&referral_code=marketplace_top_picks&referral_story_type=top_picks&__tn__=!%3AD
Storage shed/ Doll house/ Chicken Coop,$250,https://web.facebook.com/marketplace/item/644132888185207/?ref=browse_tab&referral_code=marketplace_top_picks&referral_story_type=top_picks&__tn__=!%3AD
Kitchen Aid Mixer,$50,https://web.facebook.com/marketplace/item/913212763959579/?ref=browse_tab&referral_code=marketplace_top_picks&referral_story_type=top_picks&__tn__=!%3AD
Can Am Sound system,"$3,000",https://web.facebook.com/marketplace/item/1313933796515831/?ref=browse_tab&referral_code=marketplace_top_picks&referral_story_type=top_picks&__tn__=!%3AD
EV Sailboat 30‚Äô Islander MK II Solar Electric Conversion,"$5,000",https://web.facebook.com/marketplace/item/512785861391249/?ref=browse_tab&referral_code=marketplace_top_picks&referral_story_type=top_picks&__tn__=!%3AD
Japanese Style Bathtub Pet Bed,$45,https://web.facebook.com/marketplace/item/483513151033006/?ref=browse_tab&referral_code=marketplace_top_picks&referral_story_type=top_picks&__tn__=!%3AD
"1997 Lance Camper SquireLite 8'6""","$4,250",https://web.facebook.com/marketplace/item/1320348009306013/?ref=browse_tab&referral_code=marketplace_top_picks&referral_story_type=top_picks&__tn__=!%3AD
3 Beds 2 Baths - House,"$3,300",https://web.facebook.com/marketplace/item/1197852488426843/?ref=browse_tab&referral_code=marketplace_top_picks&referral_story_type=top_picks&__tn__=!%3AD
1996 EXISS goose neck,"$13,250",https://web.facebook.com/marketplace/item/958992112280318/?ref=browse_tab&referral_code=marketplace_top_picks&referral_story_type=top_picks&__tn__=!%3AD
2000 Acura integra,"$3,500",https://web.facebook.com/marketplace/item/2065326410597712/?ref=browse_tab&referral_code=marketplace_top_picks&referral_story_type=top_picks&__tn__=!%3AD
"13.4 acres in McArthur, CA 96056","$80,000",https://web.facebook.com/marketplace/item/892107508928078/?ref=browse_tab&referral_code=marketplace_top_picks&referral_story_type=top_picks&__tn__=!%3AD
12 FT Aluminum Gregor welded boat and Trailer,"$1,500",https://web.facebook.com/marketplace/item/481252028412593/?ref=browse_tab&referral_code=marketplace_top_picks&referral_story_type=top_picks&__tn__=!%3AD
Follow,,https://www.facebook.com/people/Mikhal-Mike/pfbid02MgCQ6N5eQzegMt3p7V7Hv922MM4GcnfoYeUgq4ut68AMCyTqLwww5C72jJQHBTBUl/
Nike Dunk Low for women's,,https://web.facebook.com/marketplace/item/639141991953667/?ref=marketplace_profile&referral_code=undefined&__tn__=!%3AD
Timberland Boots Shose,"ETB8,500",https://web.facebook.com/marketplace/item/608851461854890/?ref=marketplace_profile&referral_code=undefined&__tn__=!%3AD
Timberland boots shose,"ETB8,500",https://web.facebook.com/marketplace/item/1151827329664418/?ref=marketplace_profile&referral_code=undefined&__tn__=!%3AD
Adidas Spezial,"ETB6,500",https://web.facebook.com/marketplace/item/1150234603165794/?ref=marketplace_profile&referral_code=undefined&__tn__=!%3AD
Adidas Sprzial,"ETB6,500",https://web.facebook.com/marketplace/item/1304393264220681/?ref=marketplace_profile&referral_code=undefined&__tn__=!%3AD
Nike Air force for women's,"ETB5,000",https://web.facebook.com/marketplace/item/1780185026148376/?ref=marketplace_profile&referral_code=undefined&__tn__=!%3AD
"Skechers man,s Shose","ETB5,000",https://web.facebook.com/marketplace/item/1414205846620558/?ref=marketplace_profile&referral_code=undefined&__tn__=!%3AD
"Sketchers man,s Shose","ETB5,000",https://web.facebook.com/marketplace/item/1205515964474183/?ref=marketplace_profile&referral_code=undefined&__tn__=!%3AD
Skechers Mans Shose,"ETB5,000",https://web.facebook.com/marketplace/item/928978309390194/?ref=marketplace_profile&referral_code=undefined&__tn__=!%3AD
Sketchers for women's,"ETB4,000",https://web.facebook.com/marketplace/item/2593045327552912/?ref=marketplace_profile&referral_code=undefined&__tn__=!%3AD
Sketches for women's,"ETB4,000",https://web.facebook.com/marketplace/item/9122862291164851/?ref=marketplace_profile&referral_code=undefined&__tn__=!%3AD
1950 Oldsmobile rocket 88 sedanette,"$15,000",https://web.facebook.com/marketplace/item/1685070265409104/?ref=browse_tab&referral_code=marketplace_top_picks&referral_story_type=top_picks&__tn__=!%3AD
"Toolboxes with tools,air tools,power tools",$300,https://web.facebook.com/marketplace/item/502715329601017/?ref=browse_tab&referral_code=marketplace_top_picks&referral_story_type=top_picks&__tn__=!%3AD
Dresser,$55,https://web.facebook.com/marketplace/item/637051458760558/?ref=browse_tab&referral_code=marketplace_top_picks&referral_story_type=top_picks&__tn__=!%3AD
PS5,$250,https://web.facebook.com/marketplace/item/479489331672136/?ref=browse_tab&referral_code=marketplace_top_picks&referral_story_type=top_picks&__tn__=!%3AD
1974 Chevrolet cheyenne super c-10,"$12,500",https://web.facebook.com/marketplace/item/662412082785289/?ref=browse_tab&referral_code=marketplace_top_picks&referral_story_type=top_picks&__tn__=!%3AD
1 Bed 1 Bath House,"$1,900",https://web.facebook.com/marketplace/item/8895948733848859/?ref=browse_tab&referral_code=marketplace_top_picks&referral_story_type=top_picks&__tn__=!%3AD
Authentic Chinese ‚ÄòTie Futuo‚Äô ÔºàÈìÅÊµÆÂ±†ÔºâBorder Army Lamellar Armor Set,$500,https://web.facebook.com/marketplace/item/1015004193794891/?ref=browse_tab&referral_code=marketplace_top_picks&referral_story_type=top_picks&__tn__=!%3AD
2011 Honda pilot,"$5,800",https://web.facebook.com/marketplace/item/2664726897053576/?ref=browse_tab&referral_code=marketplace_top_picks&referral_story_type=top_picks&__tn__=!%3AD
"Apple Watch Ultra 2 - Great Condition, Original Box Included!",$600,https://web.facebook.com/marketplace/item/1436390320672699/?ref=browse_tab&referral_code=marketplace_top_picks&referral_story_type=top_picks&__tn__=!%3AD
2002 Forest River rockwood,"$2,600",https://web.facebook.com/marketplace/item/1161488365533616/?ref=browse_tab&referral_code=marketplace_top_picks&referral_story_type=top_picks&__tn__=!%3AD
Dyson Airwrap (Complete Set),$200,https://web.facebook.com/marketplace/item/1823489755108546/?ref=browse_tab&referral_code=marketplace_top_picks&referral_story_type=top_picks&__tn__=!%3AD
Chocolate covered strawberries,$40,https://web.facebook.com/marketplace/item/634745675745874/?ref=browse_tab&referral_code=marketplace_top_picks&referral_story_type=top_picks&__tn__=!%3AD
1993 Mitsubishi 3000gt VR-4 Coupe 2D,"$9,000",https://web.facebook.com/marketplace/item/455925706765597/?ref=browse_tab&referral_code=marketplace_top_picks&referral_story_type=top_picks&__tn__=!%3AD
2013 Harley Davidson Sportster,"$2,200",https://web.facebook.com/marketplace/item/1648438109112042/?ref=browse_tab&referral_code=marketplace_top_picks&referral_story_type=top_picks&__tn__=!%3AD
Weber Genesis Grill with Propane Tank,$90,https://web.facebook.com/marketplace/item/653604583670945/?ref=browse_tab&referral_code=marketplace_top_picks&referral_story_type=top_picks&__tn__=!%3AD
Sofa bed,$100,https://web.facebook.com/marketplace/item/519550047258755/?ref=browse_tab&referral_code=marketplace_top_picks&referral_story_type=top_picks&__tn__=!%3AD
Teardrop Trailer,"$2,500",https://web.facebook.com/marketplace/item/527587400429678/?ref=browse_tab&referral_code=marketplace_top_picks&referral_story_type=top_picks&__tn__=!%3AD
1968 Chevrolet camaro Coupe 2D,"$39,500",https://web.facebook.com/marketplace/item/387629354408586/?ref=browse_tab&referral_code=marketplace_top_picks&referral_story_type=top_picks&__tn__=!%3AD
Nike P-6000,"ETB8,000",https://web.facebook.com/marketplace/item/1711409326104248/?ref=marketplace_profile&referral_code=undefined&__tn__=!%3AD
Sketchers shoe,"$3,000",https://web.facebook.com/marketplace/item/1301597811075738/?ref=marketplace_profile&referral_code=undefined&__tn__=!%3AD
Converse all Star shoe,"ETB6,499",https://web.facebook.com/marketplace/item/2383340818719919/?ref=marketplace_profile&referral_code=undefined&__tn__=!%3AD
Original Nike mercurial football Shoes,"¬£3,000",https://web.facebook.com/marketplace/item/1044168577476527/?ref=marketplace_profile&referral_code=undefined&__tn__=!%3AD
Adidas shoes,"ETB5,999",https://web.facebook.com/marketplace/item/2070227930066941/?ref=marketplace_profile&referral_code=undefined&__tn__=!%3AD
Man sketchers shoe,"$3,300",https://web.facebook.com/marketplace/item/1312064726501070/?ref=marketplace_profile&referral_code=undefined&__tn__=!%3AD
Adidas sports shoes,"ETB3,800",https://web.facebook.com/marketplace/item/592498943612446/?ref=marketplace_profile&referral_code=undefined&__tn__=!%3AD
Original Tiger Woman's Shoes,"ETB6,000",https://web.facebook.com/marketplace/item/896080789268069/?ref=marketplace_profile&referral_code=undefined&__tn__=!%3AD
Leather material man's Shoes,"ETB5,000",https://web.facebook.com/marketplace/item/9196488523778018/?ref=marketplace_profile&referral_code=undefined&__tn__=!%3AD
2009 Ducati multistrada 1100s,"$2,000",https://web.facebook.com/marketplace/item/1639387386708232/?ref=browse_tab&referral_code=marketplace_top_picks&referral_story_type=top_picks&__tn__=!%3AD
Mini gas 125cc jeep mini truck,"$1,900",https://web.facebook.com/marketplace/item/988420466489333/?ref=browse_tab&referral_code=marketplace_top_picks&referral_story_type=top_picks&__tn__=!%3AD
2020 Ford Ford F-150 Raptor,"$46,000",https://web.facebook.com/marketplace/item/1134847464693033/?ref=browse_tab&referral_code=marketplace_top_picks&referral_story_type=top_picks&__tn__=!%3AD
Penn Fathom 2 with 130# braid and 200# mono top shot,$450,https://web.facebook.com/marketplace/item/4101743616774077/?ref=browse_tab&referral_code=marketplace_top_picks&referral_story_type=top_picks&__tn__=!%3AD
2000 Safari,"$9,800",https://web.facebook.com/marketplace/item/1250695672706137/?ref=browse_tab&referral_code=marketplace_top_picks&referral_story_type=top_picks&__tn__=!%3AD
2019 Toyota c-hr LE Sport Utility 4D,"$8,750",https://web.facebook.com/marketplace/item/8822685507842891/?ref=browse_tab&referral_code=marketplace_top_picks&referral_story_type=top_picks&__tn__=!%3AD
Shelving unit for wine etc,$500,https://web.facebook.com/marketplace/item/518961247340179/?ref=browse_tab&referral_code=marketplace_top_picks&referral_story_type=top_picks&__tn__=!%3AD
Husaberg FE 450 2005 motorcycle,"$2,000",https://web.facebook.com/marketplace/item/1744640879721157/?ref=browse_tab&referral_code=marketplace_top_picks&referral_story_type=top_picks&__tn__=!%3AD
Apple Macbook Pro 13 inch,$175,https://web.facebook.com/marketplace/item/1009546057704809/?ref=browse_tab&referral_code=marketplace_top_picks&referral_story_type=top_picks&__tn__=!%3AD
Lg Knaack Metal storage Container,FREE,https://web.facebook.com/marketplace/item/637939375260667/?ref=browse_tab&referral_code=marketplace_top_picks&referral_story_type=top_picks&__tn__=!%3AD
2003 Mb sports wakeboard/ ski boat b52,"$26,000",https://web.facebook.com/marketplace/item/1157181145994368/?ref=browse_tab&referral_code=marketplace_top_picks&referral_story_type=top_picks&__tn__=!%3AD
Truck bed toolbox,$250,https://web.facebook.com/marketplace/item/2645408382309958/?ref=browse_tab&referral_code=marketplace_top_picks&referral_story_type=top_picks&__tn__=!%3AD
Pokemon Latias SiR + chi-yu SiR (read desc),$30,https://web.facebook.com/marketplace/item/1105348894723456/?ref=browse_tab&referral_code=marketplace_top_picks&referral_story_type=top_picks&__tn__=!%3AD
Yakima Sky Box 16,$60,https://web.facebook.com/marketplace/item/1701727904102640/?ref=browse_tab&referral_code=marketplace_top_picks&referral_story_type=top_picks&__tn__=!%3AD
PlayStation 5,$300,https://web.facebook.com/marketplace/item/469379719582867/?ref=browse_tab&referral_code=marketplace_top_picks&referral_story_type=top_picks&__tn__=!%3AD
Bowflex select weight *pickup pending*,$150,https://web.facebook.com/marketplace/item/932974915663770/?ref=browse_tab&referral_code=marketplace_top_picks&referral_story_type=top_picks&__tn__=!%3AD
Charming 4 drawer vintage dresser,$450,https://web.facebook.com/marketplace/item/972819284785228/?ref=browse_tab&referral_code=marketplace_top_picks&referral_story_type=top_picks&__tn__=!%3AD
Pinkie Print by Thomas Lawrence (1769-1830),$15,https://web.facebook.com/marketplace/item/975950661008147/?ref=browse_tab&referral_code=marketplace_top_picks&referral_story_type=top_picks&__tn__=!%3AD
Follow,,https://www.facebook.com/people/Mikhal-Mike/pfbid0HxQCt4BYk5T9fxDYJC6tA4w6caKABprynN96QnMGEfv7VUztAArXV32HuFhaSq8xl/
2000 Toyota tacoma xtracab Pickup,"$4,300",https://web.facebook.com/marketplace/item/3458810571093390/?ref=browse_tab&referral_code=marketplace_top_picks&referral_story_type=top_picks&__tn__=!%3AD
1967 Jeep cj5,"$5,500",https://web.facebook.com/marketplace/item/1141525573932329/?ref=browse_tab&referral_code=marketplace_top_picks&referral_story_type=top_picks&__tn__=!%3AD
2023 BMW ce04,"$10,500",https://web.facebook.com/marketplace/item/967647171485244/?ref=browse_tab&referral_code=marketplace_top_picks&referral_story_type=top_picks&__tn__=!%3AD
Used Restaurant Equipment,$100,https://web.facebook.com/marketplace/item/1684861025442201/?ref=browse_tab&referral_code=marketplace_top_picks&referral_story_type=top_picks&__tn__=!%3AD
1979 Oldsmobile cutlass supreme S Coupe 2D,"$6,000",https://web.facebook.com/marketplace/item/1117276363434904/?ref=browse_tab&referral_code=marketplace_top_picks&referral_story_type=top_picks&__tn__=!%3AD
1 Bed 1 Bath Apartment,"$2,050",https://web.facebook.com/marketplace/item/9213707058696305/?ref=browse_tab&referral_code=marketplace_top_picks&referral_story_type=top_picks&__tn__=!%3AD
Coleman Fleetwood ‚Äò97 popup camper,$800,https://web.facebook.com/marketplace/item/956828709220856/?ref=browse_tab&referral_code=marketplace_top_picks&referral_story_type=top_picks&__tn__=!%3AD
30x30x10 10x40x10,"$15,000",https://web.facebook.com/marketplace/item/613769337855543/?ref=browse_tab&referral_code=marketplace_top_picks&referral_story_type=top_picks&__tn__=!%3AD
2021 Nissan versa S Sedan 4D,"$6,850",https://web.facebook.com/marketplace/item/592659020407907/?ref=browse_tab&referral_code=marketplace_top_picks&referral_story_type=top_picks&__tn__=!%3AD
Storage Metal Drawers,$50,https://web.facebook.com/marketplace/item/625881409986860/?ref=browse_tab&referral_code=marketplace_top_picks&referral_story_type=top_picks&__tn__=!%3AD
2 Beds 2 Baths - Townhouse,"$2,350",https://web.facebook.com/marketplace/item/1876343786280311/?ref=browse_tab&referral_code=marketplace_top_picks&referral_story_type=top_picks&__tn__=!%3AD
2000 Ford f250 super duty super cab Long Bed,"$6,900",https://web.facebook.com/marketplace/item/534079142976764/?ref=browse_tab&referral_code=marketplace_top_picks&referral_story_type=top_picks&__tn__=!%3AD
2004 Ford f350 super duty super cab Lariat Pickup 4D 8 ft,"$8,000",https://web.facebook.com/marketplace/item/1167000091457482/?ref=browse_tab&referral_code=marketplace_top_picks&referral_story_type=top_picks&__tn__=!%3AD
Lyrical/contemporary costume CS,$200,https://web.facebook.com/marketplace/item/887460263318338/?ref=browse_tab&referral_code=marketplace_top_picks&referral_story_type=top_picks&__tn__=!%3AD
2023 Toyota toyota,$100,https://web.facebook.com/marketplace/item/840536798186774/?ref=browse_tab&referral_code=marketplace_top_picks&referral_story_type=top_picks&__tn__=!%3AD
Follow,,https://www.facebook.com/people/Mikhal-Mike/pfbid02Moqv4j7NbbQze3dc1eRo1CAZR1s4rdJvCbYGYFxxHHSThkm7Scxs6S3tVxsGHEFil/
2007 Jeep commander Sport Utility 4D,"$3,200",https://web.facebook.com/marketplace/item/2092611857862108/?ref=browse_tab&referral_code=marketplace_top_picks&referral_story_type=top_picks&__tn__=!%3AD
Solid wood book case 67‚Äù tall x 13‚Äù deep x 60‚Äù wide,$75,https://web.facebook.com/marketplace/item/1310506266739795/?ref=browse_tab&referral_code=marketplace_top_picks&referral_story_type=top_picks&__tn__=!%3AD
2011 Infiniti g37,"$5,500",https://web.facebook.com/marketplace/item/1763964721112411/?ref=browse_tab&referral_code=marketplace_top_picks&referral_story_type=top_picks&__tn__=!%3AD
2006 Harley-Davidson street glide,"$3,500",https://web.facebook.com/marketplace/item/1675973960008483/?ref=browse_tab&referral_code=marketplace_top_picks&referral_story_type=top_picks&__tn__=!%3AD
2 Beds 1 Bath - Apartment,"$2,200",https://web.facebook.com/marketplace/item/1429983804629539/?ref=browse_tab&referral_code=marketplace_top_picks&referral_story_type=top_picks&__tn__=!%3AD
2008 Chevrolet silverado 1500 regular cab Work Truck Pickup 2D 8 ft,"$6,900",https://web.facebook.com/marketplace/item/974579507888839/?ref=browse_tab&referral_code=marketplace_top_picks&referral_story_type=top_picks&__tn__=!%3AD
1984 Coleman pocoleman pop-up trailer,"$1,400",https://web.facebook.com/marketplace/item/1390070169036645/?ref=browse_tab&referral_code=marketplace_top_picks&referral_story_type=top_picks&__tn__=!%3AD
Andes Acacia Wood Platform Queen Bed With Nightstand,$100,https://web.facebook.com/marketplace/item/464212633293697/?ref=browse_tab&referral_code=marketplace_top_picks&referral_story_type=top_picks&__tn__=!%3AD
"65 screen VIZIO TV, Sound system",$250,https://web.facebook.com/marketplace/item/2215654385498445/?ref=browse_tab&referral_code=marketplace_top_picks&referral_story_type=top_picks&__tn__=!%3AD
Stihl chainsaw ms 250,$80,https://web.facebook.com/marketplace/item/1215854853589265/?ref=browse_tab&referral_code=marketplace_top_picks&referral_story_type=top_picks&__tn__=!%3AD
2000 Toyota corolla,$800,https://web.facebook.com/marketplace/item/983838516971306/?ref=browse_tab&referral_code=marketplace_top_picks&referral_story_type=top_picks&__tn__=!%3AD
2015 Thor Motor Coach 28a,"$8,500",https://web.facebook.com/marketplace/item/388482750670420/?ref=browse_tab&referral_code=marketplace_top_picks&referral_story_type=top_picks&__tn__=!%3AD
2006 Honda crf,$850,https://web.facebook.com/marketplace/item/657836963348413/?ref=browse_tab&referral_code=marketplace_top_picks&referral_story_type=top_picks&__tn__=!%3AD
Massimo Gas Motorized Go-kart with 125cc,"$2,200",https://web.facebook.com/marketplace/item/974037907982138/?ref=browse_tab&referral_code=marketplace_top_picks&referral_story_type=top_picks&__tn__=!%3AD
1967 Ford falcon econoline,"$5,000",https://web.facebook.com/marketplace/item/4010113532601300/?ref=browse_tab&referral_code=marketplace_top_picks&referral_story_type=top_picks&__tn__=!%3AD
1975 Chevrolet blazer K5 Full Top 2wd LS Swap,"$38,500",https://web.facebook.com/marketplace/item/3945188815717897/?ref=browse_tab&referral_code=marketplace_top_picks&referral_story_type=top_picks&__tn__=!%3AD
1995 Ford mustang GT Convertible 2D,"$3,000",https://web.facebook.com/marketplace/item/1281448039733181/?ref=browse_tab&referral_code=marketplace_top_picks&referral_story_type=top_picks&__tn__=!%3AD
Valco pop up camper,$500,https://web.facebook.com/marketplace/item/1067376645078768/?ref=browse_tab&referral_code=marketplace_top_picks&referral_story_type=top_picks&__tn__=!%3AD
Restaurant for sale,"$50,000",https://web.facebook.com/marketplace/item/1696072794452199/?ref=browse_tab&referral_code=marketplace_top_picks&referral_story_type=top_picks&__tn__=!%3AD
Large Sunny bedroom and bathroom in a 2 bd/2ba Craftsman Home,"$2,000",https://web.facebook.com/marketplace/item/944167217876350/?ref=browse_tab&referral_code=marketplace_top_picks&referral_story_type=top_picks&__tn__=!%3AD
2015 Honda Civic 1.8 L Gas,"$3,000",https://web.facebook.com/marketplace/item/625327170275712/?ref=browse_tab&referral_code=marketplace_top_picks&referral_story_type=top_picks&__tn__=!%3AD
Office trailer,"$1,000",https://web.facebook.com/marketplace/item/1302071751008378/?ref=browse_tab&referral_code=marketplace_top_picks&referral_story_type=top_picks&__tn__=!%3AD
Giant Frosted Flake box,$25,https://web.facebook.com/marketplace/item/567292822969025/?ref=browse_tab&referral_code=marketplace_top_picks&referral_story_type=top_picks&__tn__=!%3AD
2009 Suzuki 650sv,"$1,500",https://web.facebook.com/marketplace/item/1156775372761610/?ref=browse_tab&referral_code=marketplace_top_picks&referral_story_type=top_picks&__tn__=!%3AD
SeaDoo Speedster NOT RUNNING,"$1,000",https://web.facebook.com/marketplace/item/1654654539264328/?ref=browse_tab&referral_code=marketplace_top_picks&referral_story_type=top_picks&__tn__=!%3AD
DEWALT 20V MAX Cordless 7-1/4 in. Sliding Miter Saw and (1) 20V MAX,$240,https://web.facebook.com/marketplace/item/480763728247075/?ref=browse_tab&referral_code=marketplace_top_picks&referral_story_type=top_picks&__tn__=!%3AD
Binoculars Vortex Crossfire 10x42,$100,https://web.facebook.com/marketplace/item/3552407748394244/?ref=browse_tab&referral_code=marketplace_top_picks&referral_story_type=top_picks&__tn__=!%3AD
For Sale -Large Collection of precision crafted Aircraft Models. Priced each!,$85,https://web.facebook.com/marketplace/item/2061479171035795/?ref=browse_tab&referral_code=marketplace_top_picks&referral_story_type=top_picks&__tn__=!%3AD
Studio 1 Bath - Apartment,"$1,450",https://web.facebook.com/marketplace/item/883750646081923/?ref=browse_tab&referral_code=marketplace_top_picks&referral_story_type=top_picks&__tn__=!%3AD
Antique carved wood dining table set,$50,https://web.facebook.com/marketplace/item/1351331372538329/?ref=browse_tab&referral_code=marketplace_top_picks&referral_story_type=top_picks&__tn__=!%3AD
Motorcycle lift,$400,https://web.facebook.com/marketplace/item/510423041675928/?ref=browse_tab&referral_code=marketplace_top_picks&referral_story_type=top_picks&__tn__=!%3AD
1988 Toyota van,"$2,000",https://web.facebook.com/marketplace/item/628087873044284/?ref=browse_tab&referral_code=marketplace_top_picks&referral_story_type=top_picks&__tn__=!%3AD
Follow,,https://www.facebook.com/people/Mikhal-Mike/pfbid02Mdgumaqdmw3K5WHaH3xMcpQVfaCazZUjxF2EXktHUoSG4jhZDhdF2FjXh4GzLFVal/
Sketchres mans shose,"ETB5,500",https://web.facebook.com/marketplace/item/1153082585868467/?ref=marketplace_profile&referral_code=undefined&__tn__=!%3AD
Soft Go mans shose,"ETB5,500",https://web.facebook.com/marketplace/item/471408079362089/?ref=marketplace_profile&referral_code=undefined&__tn__=!%3AD
Soft go mans shose,"ETB5,500",https://web.facebook.com/marketplace/item/1291000392162719/?ref=marketplace_profile&referral_code=undefined&__tn__=!%3AD
Nike air max,"ETB8,000",https://web.facebook.com/marketplace/item/653325733934496/?ref=marketplace_profile&referral_code=undefined&__tn__=!%3AD
Original Nike futsoll shoes,"$3,500",https://web.facebook.com/marketplace/item/9185311891590146/?ref=marketplace_profile&referral_code=undefined&__tn__=!%3AD
Adidas Samba,"ETB6,500",https://web.facebook.com/marketplace/item/2097141770805198/?ref=marketplace_profile&referral_code=undefined&__tn__=!%3AD
Ps5,$250,https://web.facebook.com/marketplace/item/1560229287998686/?ref=browse_tab&referral_code=marketplace_top_picks&referral_story_type=top_picks&__tn__=!%3AD
free black dresser,FREE,https://web.facebook.com/marketplace/item/1588543045200246/?ref=browse_tab&referral_code=marketplace_top_picks&referral_story_type=top_picks&__tn__=!%3AD
Heavy duty ratchet straps 10-15 ft long,$5,https://web.facebook.com/marketplace/item/481261091522362/?ref=browse_tab&referral_code=marketplace_top_picks&referral_story_type=top_picks&__tn__=!%3AD
Martin acoustic/electric,$250,https://web.facebook.com/marketplace/item/1573991129987158/?ref=browse_tab&referral_code=marketplace_top_picks&referral_story_type=top_picks&__tn__=!%3AD
Plastic shed,FREE,https://web.facebook.com/marketplace/item/1345655506450089/?ref=browse_tab&referral_code=marketplace_top_picks&referral_story_type=top_picks&__tn__=!%3AD
2009 Pontiac g8 Sedan 4D,"$5,500",https://web.facebook.com/marketplace/item/1643534456298176/?ref=browse_tab&referral_code=marketplace_top_picks&referral_story_type=top_picks&__tn__=!%3AD
3-piece Cabinet,$80,https://web.facebook.com/marketplace/item/8895122463918190/?ref=browse_tab&referral_code=marketplace_top_picks&referral_story_type=top_picks&__tn__=!%3AD
2007 Yamaha yzf,"$5,800",https://web.facebook.com/marketplace/item/1021858136416752/?ref=browse_tab&referral_code=marketplace_top_picks&referral_story_type=top_picks&__tn__=!%3AD
Huggies Size 4 Diapers,$15,https://web.facebook.com/marketplace/item/1334345784366290/?ref=browse_tab&referral_code=marketplace_top_picks&referral_story_type=top_picks&__tn__=!%3AD
2 Beds 1 Bath House,"$1,600",https://web.facebook.com/marketplace/item/1671561443427570/?ref=browse_tab&referral_code=marketplace_top_picks&referral_story_type=top_picks&__tn__=!%3AD
2019 Tiffin Motorhomes 40ip,"$220,000",https://web.facebook.com/marketplace/item/2368608686811756/?ref=browse_tab&referral_code=marketplace_top_picks&referral_story_type=top_picks&__tn__=!%3AD
AC Cobra Kit Car,"$5,500",https://web.facebook.com/marketplace/item/1784597545665733/?ref=browse_tab&referral_code=marketplace_top_picks&referral_story_type=top_picks&__tn__=!%3AD
Ninja Slushi 5-in-1 Professional Frozen Drink Maker,$250,https://web.facebook.com/marketplace/item/599930256262176/?ref=browse_tab&referral_code=marketplace_top_picks&referral_story_type=top_picks&__tn__=!%3AD
Ramo / Rose boquet,$100,https://web.facebook.com/marketplace/item/9171037316315257/?ref=browse_tab&referral_code=marketplace_top_picks&referral_story_type=top_picks&__tn__=!%3AD
55‚Äù TCL Smart TV,$120,https://web.facebook.com/marketplace/item/1139742320586135/?ref=browse_tab&referral_code=marketplace_top_picks&referral_story_type=top_picks&__tn__=!%3AD
Two Black Futon / sofa | Move out sale,FREE,https://web.facebook.com/marketplace/item/1644076806484547/?ref=browse_tab&referral_code=marketplace_top_picks&referral_story_type=top_picks&__tn__=!%3AD
2006 Chevrolet bluebird short bus,"$8,500",https://web.facebook.com/marketplace/item/1216956533124249/?ref=browse_tab&referral_code=marketplace_top_picks&referral_story_type=top_picks&__tn__=!%3AD
Jordan 4 mans shose,"ETB7,000",https://web.facebook.com/marketplace/item/1362004398475621/?ref=marketplace_profile&referral_code=undefined&__tn__=!%3AD
PUMA Mans Shose,"ETB7,500",https://web.facebook.com/marketplace/item/1412362376836538/?ref=marketplace_profile&referral_code=undefined&__tn__=!%3AD
PUMA Man Shose,"ETB7,500",https://web.facebook.com/marketplace/item/1133644474927444/?ref=marketplace_profile&referral_code=undefined&__tn__=!%3AD
Sketchres Mans shose,"ETB5,500",https://web.facebook.com/marketplace/item/1255219602239920/?ref=marketplace_profile&referral_code=undefined&__tn__=!%3AD
1982 Harley-Davidson fxb,"$7,000",https://web.facebook.com/marketplace/item/2395911597410408/?ref=browse_tab&referral_code=marketplace_top_picks&referral_story_type=top_picks&__tn__=!%3AD
2000 Ford ranger regular cab Short Bed,"$3,800",https://web.facebook.com/marketplace/item/548783334993275/?ref=browse_tab&referral_code=marketplace_top_picks&referral_story_type=top_picks&__tn__=!%3AD
Half Volkswagen Bug (non-operable),"$1,295",https://web.facebook.com/marketplace/item/1156930806022780/?ref=browse_tab&referral_code=marketplace_top_picks&referral_story_type=top_picks&__tn__=!%3AD
2 Beds 1 Bath - House,"$2,000",https://web.facebook.com/marketplace/item/555895407475803/?ref=browse_tab&referral_code=marketplace_top_picks&referral_story_type=top_picks&__tn__=!%3AD
2004 Honda civic,$600,https://web.facebook.com/marketplace/item/975522644679235/?ref=browse_tab&referral_code=marketplace_top_picks&referral_story_type=top_picks&__tn__=!%3AD
2010 Damon intruder,"$15,000",https://web.facebook.com/marketplace/item/1563193737684473/?ref=browse_tab&referral_code=marketplace_top_picks&referral_story_type=top_picks&__tn__=!%3AD
Heavy duty dog crate,$30,https://web.facebook.com/marketplace/item/588758577647364/?ref=browse_tab&referral_code=marketplace_top_picks&referral_story_type=top_picks&__tn__=!%3AD
5.0L Ford Mustang MT 6 Speed V8 Engine for sale,$369,https://web.facebook.com/marketplace/item/650232960815858/?ref=browse_tab&referral_code=marketplace_top_picks&referral_story_type=top_picks&__tn__=!%3AD
Mini Chase Center Arena,"$10,000",https://web.facebook.com/marketplace/item/1174306017454616/?ref=browse_tab&referral_code=marketplace_top_picks&referral_story_type=top_picks&__tn__=!%3AD
Craftsman 26‚Äù Tool Chest,$125,https://web.facebook.com/marketplace/item/1021339996500016/?ref=browse_tab&referral_code=marketplace_top_picks&referral_story_type=top_picks&__tn__=!%3AD
1995 Toyota bandeirante (fj45),"$29,250",https://web.facebook.com/marketplace/item/2197381767322820/?ref=browse_tab&referral_code=marketplace_top_picks&referral_story_type=top_picks&__tn__=!%3AD
2014 Harley Davidson Electra glide police,"$4,500",https://web.facebook.com/marketplace/item/1726267464897767/?ref=browse_tab&referral_code=marketplace_top_picks&referral_story_type=top_picks&__tn__=!%3AD
Bedroom set cal king,"$1,200",https://web.facebook.com/marketplace/item/1167451968155670/?ref=browse_tab&referral_code=marketplace_top_picks&referral_story_type=top_picks&__tn__=!%3AD
Honda 9.9 Outboard,$800,https://web.facebook.com/marketplace/item/537337545404659/?ref=browse_tab&referral_code=marketplace_top_picks&referral_story_type=top_picks&__tn__=!%3AD
Hermit Crab terrariums & accessories,$50,https://web.facebook.com/marketplace/item/1037481995090147/?ref=browse_tab&referral_code=marketplace_top_picks&referral_story_type=top_picks&__tn__=!%3AD
1997 Mitsubishi 3000gt SL Coupe 2D,"$1,250",https://web.facebook.com/marketplace/item/1755707548613139/?ref=browse_tab&referral_code=marketplace_top_picks&referral_story_type=top_picks&__tn__=!%3AD
Follow,,https://www.facebook.com/people/Mikhal-Mike/pfbid0HutiZGwY7GkKiFbrAFGftPRQ76MiKuy6XHR9qYqi23t3Gq3o7zvr7jcCnmzLHELZl/
Nike Air max,,https://web.facebook.com/marketplace/item/938813085092183/?ref=marketplace_profile&referral_code=undefined&__tn__=!%3AD
Nike Air Max,"ETB7,600",https://web.facebook.com/marketplace/item/638956085290237/?ref=marketplace_profile&referral_code=undefined&__tn__=!%3AD
Air Jordan 1,"ETB7,000",https://web.facebook.com/marketplace/item/1348022363216749/?ref=marketplace_profile&referral_code=undefined&__tn__=!%3AD
Adidas Forum,"ETB6,000",https://web.facebook.com/marketplace/item/627869740185328/?ref=marketplace_profile&referral_code=undefined&__tn__=!%3AD
Asics mans shose,"ETB8,000",https://web.facebook.com/marketplace/item/1718233092069334/?ref=marketplace_profile&referral_code=undefined&__tn__=!%3AD
Acics mans shose,"ETB8,000",https://web.facebook.com/marketplace/item/620084944061793/?ref=marketplace_profile&referral_code=undefined&__tn__=!%3AD
Covers all star,"ETB5,000",https://web.facebook.com/marketplace/item/1842692419799984/?ref=marketplace_profile&referral_code=undefined&__tn__=!%3AD
Nike air force,"ETB5,500",https://web.facebook.com/marketplace/item/1336255067417675/?ref=marketplace_profile&referral_code=undefined&__tn__=!%3AD
Air Jordan 4 mans shose,"ETB7,000",https://web.facebook.com/marketplace/item/627920956715120/?ref=marketplace_profile&referral_code=undefined&__tn__=!%3AD
1993 Honda vfr750f,"$3,000",https://web.facebook.com/marketplace/item/936274528701363/?ref=browse_tab&referral_code=marketplace_top_picks&referral_story_type=top_picks&__tn__=!%3AD
1997 Jeep wrangler SE Sport Utility 2D,"$5,800",https://web.facebook.com/marketplace/item/1750924632138079/?ref=browse_tab&referral_code=marketplace_top_picks&referral_story_type=top_picks&__tn__=!%3AD
2007 Yamaha yfz 450 bill balance edition,"$3,700",https://web.facebook.com/marketplace/item/972898854818272/?ref=browse_tab&referral_code=marketplace_top_picks&referral_story_type=top_picks&__tn__=!%3AD
1997 Ford F450 7.3l Lance 990 500w solar,"$15,000",https://web.facebook.com/marketplace/item/557318264000117/?ref=browse_tab&referral_code=marketplace_top_picks&referral_story_type=top_picks&__tn__=!%3AD
2004 Lexus IS 300 Sedan 4D,"$2,500",https://web.facebook.com/marketplace/item/1366735231152407/?ref=browse_tab&referral_code=marketplace_top_picks&referral_story_type=top_picks&__tn__=!%3AD
2000 Nissan frontier king cab,"$4,800",https://web.facebook.com/marketplace/item/3881793768801439/?ref=browse_tab&referral_code=marketplace_top_picks&referral_story_type=top_picks&__tn__=!%3AD
EZGO,$200,https://web.facebook.com/marketplace/item/817545060559952/?ref=browse_tab&referral_code=marketplace_top_picks&referral_story_type=top_picks&__tn__=!%3AD
Solid wood bench,$100,https://web.facebook.com/marketplace/item/1135864911117372/?ref=browse_tab&referral_code=marketplace_top_picks&referral_story_type=top_picks&__tn__=!%3AD
Amish Buggy,"$3,000",https://web.facebook.com/marketplace/item/1667161107567130/?ref=browse_tab&referral_code=marketplace_top_picks&referral_story_type=top_picks&__tn__=!%3AD
"Cozy 1-Bedroom, 1-Bathroom Townhouse in a Great Neighborhood","$1,450",https://web.facebook.com/marketplace/item/968711058737906/?ref=browse_tab&referral_code=marketplace_top_picks&referral_story_type=top_picks&__tn__=!%3AD
Pick up truck,"$10,000",https://web.facebook.com/marketplace/item/1312127179911382/?ref=browse_tab&referral_code=marketplace_top_picks&referral_story_type=top_picks&__tn__=!%3AD
Craftsman LT1000 Ride Mower,$375,https://web.facebook.com/marketplace/item/3801404876816953/?ref=browse_tab&referral_code=marketplace_top_picks&referral_story_type=top_picks&__tn__=!%3AD
"1992 Chaparral Chaparral chapchaparral, fish and ski boat","$3,500",https://web.facebook.com/marketplace/item/2087750808361902/?ref=browse_tab&referral_code=marketplace_top_picks&referral_story_type=top_picks&__tn__=!%3AD
2014 Attitude Toyhauler,"$9,500",https://web.facebook.com/marketplace/item/1279623116651953/?ref=browse_tab&referral_code=marketplace_top_picks&referral_story_type=top_picks&__tn__=!%3AD
Bow flex Adjustable Dumbbells with rack,$50,https://web.facebook.com/marketplace/item/599368156206103/?ref=browse_tab&referral_code=marketplace_top_picks&referral_story_type=top_picks&__tn__=!%3AD
Traila,"$1,200",https://web.facebook.com/marketplace/item/1878887272939038/?ref=browse_tab&referral_code=marketplace_top_picks&referral_story_type=top_picks&__tn__=!%3AD
Tuff Shed,$700,https://web.facebook.com/marketplace/item/1163485745401247/?ref=browse_tab&referral_code=marketplace_top_picks&referral_story_type=top_picks&__tn__=!%3AD
Golden Gate Bridge Pieces,$100,https://web.facebook.com/marketplace/item/278374165300384/?ref=browse_tab&referral_code=marketplace_top_picks&referral_story_type=top_picks&__tn__=!%3AD
Follow,,https://www.facebook.com/people/Mikhal-Mike/pfbid02MmLRjwsMxZgDWn7eMoQJrGCoPHVYwudcYcpeQ6DLafbGsHNCv9b2nsr1M111iNAdl/
2009 Kawasaki ninja,"$4,000",https://web.facebook.com/marketplace/item/2038004253349638/?ref=browse_tab&referral_code=marketplace_top_picks&referral_story_type=top_picks&__tn__=!%3AD
2006 Cadillac CTS-V Sedan 4D,"$10,000",https://web.facebook.com/marketplace/item/1136261897756516/?ref=browse_tab&referral_code=marketplace_top_picks&referral_story_type=top_picks&__tn__=!%3AD
2002 Carado mountaineer,"$5,000",https://web.facebook.com/marketplace/item/428704310264606/?ref=browse_tab&referral_code=marketplace_top_picks&referral_story_type=top_picks&__tn__=!%3AD
2005 Infiniti g35,"$1,500",https://web.facebook.com/marketplace/item/634129919331685/?ref=browse_tab&referral_code=marketplace_top_picks&referral_story_type=top_picks&__tn__=!%3AD
Straight load trailer,"$1,000",https://web.facebook.com/marketplace/item/1165407215159749/?ref=browse_tab&referral_code=marketplace_top_picks&referral_story_type=top_picks&__tn__=!%3AD
2011 Chevrolet silverado 1500 regular cab Work Truck Pickup 2D 6 1/2 ft,"$2,500",https://web.facebook.com/marketplace/item/1385123446006054/?ref=browse_tab&referral_code=marketplace_top_picks&referral_story_type=top_picks&__tn__=!%3AD
1 Bed 1 Bath Apartment/condo,"$1,775",https://web.facebook.com/marketplace/item/1345793973239948/?ref=browse_tab&referral_code=marketplace_top_picks&referral_story_type=top_picks&__tn__=!%3AD
Couch set,FREE,https://web.facebook.com/marketplace/item/1580184322702366/?ref=browse_tab&referral_code=marketplace_top_picks&referral_story_type=top_picks&__tn__=!%3AD
2011 Yamaha yzfr,"$5,000",https://web.facebook.com/marketplace/item/1168325404709713/?ref=browse_tab&referral_code=marketplace_top_picks&referral_story_type=top_picks&__tn__=!%3AD
Full gym for sale,$850,https://web.facebook.com/marketplace/item/3789097221405388/?ref=browse_tab&referral_code=marketplace_top_picks&referral_story_type=top_picks&__tn__=!%3AD
1958 Jeep cj5,"$1,500",https://web.facebook.com/marketplace/item/1815911172494195/?ref=browse_tab&referral_code=marketplace_top_picks&referral_story_type=top_picks&__tn__=!%3AD
Two power wheel spin and drive price is for both,$100,https://web.facebook.com/marketplace/item/1170433084705214/?ref=browse_tab&referral_code=marketplace_top_picks&referral_story_type=top_picks&__tn__=!%3AD
Washer and Dryer,$200,https://web.facebook.com/marketplace/item/601272062828112/?ref=browse_tab&referral_code=marketplace_top_picks&referral_story_type=top_picks&__tn__=!%3AD
3 Beds 2 Baths - Townhouse,"$4,150",https://web.facebook.com/marketplace/item/514197127550631/?ref=browse_tab&referral_code=marketplace_top_picks&referral_story_type=top_picks&__tn__=!%3AD
Play ground,$50,https://web.facebook.com/marketplace/item/1145689946874437/?ref=browse_tab&referral_code=marketplace_top_picks&referral_story_type=top_picks&__tn__=!%3AD
2018 Mercedes-Benz amg s63,"$68,000",https://web.facebook.com/marketplace/item/483465624836201/?ref=browse_tab&referral_code=marketplace_top_picks&referral_story_type=top_picks&__tn__=!%3AD
Outdoor Rustic Bar,$250,https://web.facebook.com/marketplace/item/1167424151381412/?ref=browse_tab&referral_code=marketplace_top_picks&referral_story_type=top_picks&__tn__=!%3AD
Nike Gortex,"ETB8,000",https://web.facebook.com/marketplace/item/1133831127968857/?ref=marketplace_profile&referral_code=undefined&__tn__=!%3AD
Nike mans shose,"ETB7,000",https://web.facebook.com/marketplace/item/1577159259607823/?ref=marketplace_profile&referral_code=undefined&__tn__=!%3AD
Puma woman's shoes,"ETB6,500",https://web.facebook.com/marketplace/item/518803641227801/?ref=marketplace_profile&referral_code=undefined&__tn__=!%3AD
"Nike man,s shose","ETB7,000",https://web.facebook.com/marketplace/item/616266954354346/?ref=marketplace_profile&referral_code=undefined&__tn__=!%3AD
Nike Air force 1,"ETB7,000",https://web.facebook.com/marketplace/item/8474747772627076/?ref=marketplace_profile&referral_code=undefined&__tn__=!%3AD
Nike air force,"ETB7,000",https://web.facebook.com/marketplace/item/3236697639823723/?ref=marketplace_profile&referral_code=undefined&__tn__=!%3AD
Nike Air Jordan 1,"ETB6,000",https://web.facebook.com/marketplace/item/1002913555088159/?ref=marketplace_profile&referral_code=undefined&__tn__=!%3AD
Jordan 5,"ETB7,000",https://web.facebook.com/marketplace/item/601153162891149/?ref=marketplace_profile&referral_code=undefined&__tn__=!%3AD
Tiger women shose,"ETB6,500",https://web.facebook.com/marketplace/item/2093688384412755/?ref=marketplace_profile&referral_code=undefined&__tn__=!%3AD
Nike Air force,"ETB7,000",https://web.facebook.com/marketplace/item/619399780824614/?ref=marketplace_profile&referral_code=undefined&__tn__=!%3AD
Breville Barista Express ‚Äì No Power,$125,https://web.facebook.com/marketplace/item/1599211540712193/?ref=browse_tab&referral_code=marketplace_top_picks&referral_story_type=top_picks&__tn__=!%3AD
Mini Harleys,$550,https://web.facebook.com/marketplace/item/2080463422401846/?ref=browse_tab&referral_code=marketplace_top_picks&referral_story_type=top_picks&__tn__=!%3AD
Solid wood twin bed frame with 5 drawers and a headboard with storage.,$50,https://web.facebook.com/marketplace/item/1274152453666827/?ref=browse_tab&referral_code=marketplace_top_picks&referral_story_type=top_picks&__tn__=!%3AD
2 Beds 1 Bath - Townhouse,"$1,600",https://web.facebook.com/marketplace/item/4090267941026619/?ref=browse_tab&referral_code=marketplace_top_picks&referral_story_type=top_picks&__tn__=!%3AD
2016 BMW z4 sDrive28i Roadster 2D,"$11,400",https://web.facebook.com/marketplace/item/2010167219505052/?ref=browse_tab&referral_code=marketplace_top_picks&referral_story_type=top_picks&__tn__=!%3AD
1985 Toyota ultimate off road camping setup,"$14,500",https://web.facebook.com/marketplace/item/1797585581020576/?ref=browse_tab&referral_code=marketplace_top_picks&referral_story_type=top_picks&__tn__=!%3AD
Ford Strong Box üì¶,$250,https://web.facebook.com/marketplace/item/1302465667538660/?ref=browse_tab&referral_code=marketplace_top_picks&referral_story_type=top_picks&__tn__=!%3AD
2003 Honda accor,"$1,300",https://web.facebook.com/marketplace/item/1341628220403965/?ref=browse_tab&referral_code=marketplace_top_picks&referral_story_type=top_picks&__tn__=!%3AD
Monster trucks party,$150,https://web.facebook.com/marketplace/item/660096356453905/?ref=browse_tab&referral_code=marketplace_top_picks&referral_story_type=top_picks&__tn__=!%3AD
Rock shoes - men‚Äôs size 10-12,$30,https://web.facebook.com/marketplace/item/1639784483304187/?ref=browse_tab&referral_code=marketplace_top_picks&referral_story_type=top_picks&__tn__=!%3AD
Churro Cheesecake Tacos HAYWARD,$20,https://web.facebook.com/marketplace/item/1173453480974569/?ref=browse_tab&referral_code=marketplace_top_picks&referral_story_type=top_picks&__tn__=!%3AD
Used mini refrigerator whirlpool,$30,https://web.facebook.com/marketplace/item/643312251552024/?ref=browse_tab&referral_code=marketplace_top_picks&referral_story_type=top_picks&__tn__=!%3AD
Private room for rent,"$1,125",https://web.facebook.com/marketplace/item/588903653982049/?ref=browse_tab&referral_code=marketplace_top_picks&referral_story_type=top_picks&__tn__=!%3AD
2002 Chevrolet tahoe Sport Utility 4D,"$3,900",https://web.facebook.com/marketplace/item/652493854117283/?ref=browse_tab&referral_code=marketplace_top_picks&referral_story_type=top_picks&__tn__=!%3AD
1959 Chris Craft constellation,"$3,000",https://web.facebook.com/marketplace/item/8570695639698129/?ref=browse_tab&referral_code=marketplace_top_picks&referral_story_type=top_picks&__tn__=!%3AD
"Rare Transformer P-38 Toy from 90's, New in Box, G1 Hasbro from 90's",$750,https://web.facebook.com/marketplace/item/1663965171669638/?ref=browse_tab&referral_code=marketplace_top_picks&referral_story_type=top_picks&__tn__=!%3AD
Bronze Statue,$185,https://web.facebook.com/marketplace/item/962343748829883/?ref=browse_tab&referral_code=marketplace_top_picks&referral_story_type=top_picks&__tn__=!%3AD
Skechers Gorun,"ETB5,000",https://web.facebook.com/marketplace/item/1889520911811020/?ref=marketplace_profile&referral_code=undefined&__tn__=!%3AD
Nike mans Shoses,"ETB5,500",https://web.facebook.com/marketplace/item/496321390215115/?ref=marketplace_profile&referral_code=undefined&__tn__=!%3AD
Nike Shose,"ETB5,500",https://web.facebook.com/marketplace/item/1319328479185763/?ref=marketplace_profile&referral_code=undefined&__tn__=!%3AD
Nike Air Max,"ETB8,000",https://web.facebook.com/marketplace/item/940576458274208/?ref=marketplace_profile&referral_code=undefined&__tn__=!%3AD
2000 Honda cbr,$800,https://web.facebook.com/marketplace/item/674201555358837/?ref=browse_tab&referral_code=marketplace_top_picks&referral_story_type=top_picks&__tn__=!%3AD
Combo vending Machine,$350,https://web.facebook.com/marketplace/item/1844653726293532/?ref=browse_tab&referral_code=marketplace_top_picks&referral_story_type=top_picks&__tn__=!%3AD
Multiquip Welder Generator 10 KWh,$300,https://web.facebook.com/marketplace/item/483842928111722/?ref=browse_tab&referral_code=marketplace_top_picks&referral_story_type=top_picks&__tn__=!%3AD
Gaming Setup,$650,https://web.facebook.com/marketplace/item/1566984900684768/?ref=browse_tab&referral_code=marketplace_top_picks&referral_story_type=top_picks&__tn__=!%3AD
FREE Glass tv stand + FREE Samsung TV,FREE,https://web.facebook.com/marketplace/item/994208712761583/?ref=browse_tab&referral_code=marketplace_top_picks&referral_story_type=top_picks&__tn__=!%3AD
Apollo 125cc dirtbike,$600,https://web.facebook.com/marketplace/item/2371897503174460/?ref=browse_tab&referral_code=marketplace_top_picks&referral_story_type=top_picks&__tn__=!%3AD
Dunks (rose pink color),$50,https://web.facebook.com/marketplace/item/1690856308451451/?ref=browse_tab&referral_code=marketplace_top_picks&referral_story_type=top_picks&__tn__=!%3AD
2013 Volkswagen jetta 2.5L SE Sedan 4D,"$3,750",https://web.facebook.com/marketplace/item/1344674059985060/?ref=browse_tab&referral_code=marketplace_top_picks&referral_story_type=top_picks&__tn__=!%3AD
Listen to music with this slim electronic item made by Apple,$30,https://web.facebook.com/marketplace/item/998113098926514/?ref=browse_tab&referral_code=marketplace_top_picks&referral_story_type=top_picks&__tn__=!%3AD
2007 Suzuki gsxr 600,"$2,700",https://web.facebook.com/marketplace/item/2404417589895950/?ref=browse_tab&referral_code=marketplace_top_picks&referral_story_type=top_picks&__tn__=!%3AD
Dump trailer,"$3,500",https://web.facebook.com/marketplace/item/601726552830074/?ref=browse_tab&referral_code=marketplace_top_picks&referral_story_type=top_picks&__tn__=!%3AD
2006 Thor Motor Coach 30ft 5th wheel with slide out,"$8,000",https://web.facebook.com/marketplace/item/619334633846790/?ref=browse_tab&referral_code=marketplace_top_picks&referral_story_type=top_picks&__tn__=!%3AD
1965 Ford mustang,"$39,500",https://web.facebook.com/marketplace/item/651370174014662/?ref=browse_tab&referral_code=marketplace_top_picks&referral_story_type=top_picks&__tn__=!%3AD
RH Aviator Desk,"$1,500",https://web.facebook.com/marketplace/item/619003224169134/?ref=browse_tab&referral_code=marketplace_top_picks&referral_story_type=top_picks&__tn__=!%3AD
1970 Yankee 30,"$5,000",https://web.facebook.com/marketplace/item/1108971940909340/?ref=browse_tab&referral_code=marketplace_top_picks&referral_story_type=top_picks&__tn__=!%3AD
Police security roof lights (Federal signal corporation),$180,https://web.facebook.com/marketplace/item/1212866766488765/?ref=browse_tab&referral_code=marketplace_top_picks&referral_story_type=top_picks&__tn__=!%3AD
2022 Jeep Wrangler hardtop and freedom panels,"$2,900",https://web.facebook.com/marketplace/item/1803005833797647/?ref=browse_tab&referral_code=marketplace_top_picks&referral_story_type=top_picks&__tn__=!%3AD
2015 macbook,$40,https://web.facebook.com/marketplace/item/1327101638497861/?ref=browse_tab&referral_code=marketplace_top_picks&referral_story_type=top_picks&__tn__=!%3AD
Jordan 5,,https://web.facebook.com/marketplace/item/597186216490104/?ref=marketplace_profile&referral_code=undefined&__tn__=!%3AD
Ecco mans shose,"ETB8,000",https://web.facebook.com/marketplace/item/2069066290190060/?ref=marketplace_profile&referral_code=undefined&__tn__=!%3AD
Nike air force 1,"ETB5,500",https://web.facebook.com/marketplace/item/622714560365591/?ref=marketplace_profile&referral_code=undefined&__tn__=!%3AD
Nike air max,"ETB5,000",https://web.facebook.com/marketplace/item/1830736084330128/?ref=marketplace_profile&referral_code=undefined&__tn__=!%3AD
Nike Air max,"ETB7,500",https://web.facebook.com/marketplace/item/944188567694529/?ref=marketplace_profile&referral_code=undefined&__tn__=!%3AD
New Balance 530,"ETB6,000",https://web.facebook.com/marketplace/item/604017499093103/?ref=marketplace_profile&referral_code=undefined&__tn__=!%3AD
Nike Air force 1,"ETB5,500",https://web.facebook.com/marketplace/item/608228071811607/?ref=marketplace_profile&referral_code=undefined&__tn__=!%3AD
Skechers GoRun,"ETB5,000",https://web.facebook.com/marketplace/item/1836773803756289/?ref=marketplace_profile&referral_code=undefined&__tn__=!%3AD
Makita cordless tools,$220,https://web.facebook.com/marketplace/item/610627478596171/?ref=browse_tab&referral_code=marketplace_top_picks&referral_story_type=top_picks&__tn__=!%3AD
2006 GMC sierra 1500 extended cab Work Truck Pickup 4D 8 ft,"$2,500",https://web.facebook.com/marketplace/item/551146074612629/?ref=browse_tab&referral_code=marketplace_top_picks&referral_story_type=top_picks&__tn__=!%3AD
Taga 2.0 Electric Bike/Trike with two kids seats - barely used - new battery,$990,https://web.facebook.com/marketplace/item/549570277397567/?ref=browse_tab&referral_code=marketplace_top_picks&referral_story_type=top_picks&__tn__=!%3AD
Traveling RV,"$12,000",https://web.facebook.com/marketplace/item/945057844397163/?ref=browse_tab&referral_code=marketplace_top_picks&referral_story_type=top_picks&__tn__=!%3AD
Remote Control Excavator,$100,https://web.facebook.com/marketplace/item/1137262811206554/?ref=browse_tab&referral_code=marketplace_top_picks&referral_story_type=top_picks&__tn__=!%3AD
2016 Chevrolet lt z71,"$25,000",https://web.facebook.com/marketplace/item/1338136617520221/?ref=browse_tab&referral_code=marketplace_top_picks&referral_story_type=top_picks&__tn__=!%3AD
1994 Honda vfr,$990,https://web.facebook.com/marketplace/item/637535198653861/?ref=browse_tab&referral_code=marketplace_top_picks&referral_story_type=top_picks&__tn__=!%3AD
"47 ft steel Bosco Baby, best offer-NEW PICS","$20,000",https://web.facebook.com/marketplace/item/560652786321935/?ref=browse_tab&referral_code=marketplace_top_picks&referral_story_type=top_picks&__tn__=!%3AD
1995 Nissan king cab,"$2,900",https://web.facebook.com/marketplace/item/1231585427736868/?ref=browse_tab&referral_code=marketplace_top_picks&referral_story_type=top_picks&__tn__=!%3AD
1974 Datsun 260z,"$10,000",https://web.facebook.com/marketplace/item/438918902538635/?ref=browse_tab&referral_code=marketplace_top_picks&referral_story_type=top_picks&__tn__=!%3AD
2015 Thor Motor Coach vegas,"$34,500",https://web.facebook.com/marketplace/item/1348284049639671/?ref=browse_tab&referral_code=marketplace_top_picks&referral_story_type=top_picks&__tn__=!%3AD
Gorgeous hard maple wood desk and chair,$250,https://web.facebook.com/marketplace/item/1322967678829292/?ref=browse_tab&referral_code=marketplace_top_picks&referral_story_type=top_picks&__tn__=!%3AD
4 Beds 3.5 Baths - Townhouse,"$1,250",https://web.facebook.com/marketplace/item/9625544390844963/?ref=browse_tab&referral_code=marketplace_top_picks&referral_story_type=top_picks&__tn__=!%3AD
Propane Patio Fire Pit,$100,https://web.facebook.com/marketplace/item/4053576104873512/?ref=browse_tab&referral_code=marketplace_top_picks&referral_story_type=top_picks&__tn__=!%3AD
Follow,,https://www.facebook.com/people/Mikhal-Mike/pfbid0JMLko9GjJ44g9zSQfkTpQAwRG7Vp8FuRvaNLTGMDpmng7ggJxPEKzCA1nFXhkxXul/
Adidas Superstar,"ETB7,000",https://web.facebook.com/marketplace/item/530303569550766/?ref=marketplace_profile&referral_code=undefined&__tn__=!%3AD
Nike M2k,"ETB6,500",https://web.facebook.com/marketplace/item/931612482467718/?ref=marketplace_profile&referral_code=undefined&__tn__=!%3AD
Covers all Star,"ETB5,500",https://web.facebook.com/marketplace/item/606963388870664/?ref=marketplace_profile&referral_code=undefined&__tn__=!%3AD
Adidas Terrex,"ETB5,000",https://web.facebook.com/marketplace/item/1558075528184553/?ref=marketplace_profile&referral_code=undefined&__tn__=!%3AD
Skachers,"ETB3,500",https://web.facebook.com/marketplace/item/1139818981064425/?ref=marketplace_profile&referral_code=undefined&__tn__=!%3AD
1992 Mitsubishi delica Exceed,"$16,000",https://web.facebook.com/marketplace/item/652595270475408/?ref=browse_tab&referral_code=marketplace_top_picks&referral_story_type=top_picks&__tn__=!%3AD
2003 Honda XR 70,"$1,000",https://web.facebook.com/marketplace/item/1213287047468143/?ref=browse_tab&referral_code=marketplace_top_picks&referral_story_type=top_picks&__tn__=!%3AD
1997 Ford f150,"$4,500",https://web.facebook.com/marketplace/item/1135940431874189/?ref=browse_tab&referral_code=marketplace_top_picks&referral_story_type=top_picks&__tn__=!%3AD
TGV Racing Mini trike,"$2,500",https://web.facebook.com/marketplace/item/1207437497398605/?ref=browse_tab&referral_code=marketplace_top_picks&referral_story_type=top_picks&__tn__=!%3AD
Storage Chest,$45,https://web.facebook.com/marketplace/item/841198714800566/?ref=browse_tab&referral_code=marketplace_top_picks&referral_story_type=top_picks&__tn__=!%3AD
2015 Honda civic EX-L Sedan 4D,"$6,000",https://web.facebook.com/marketplace/item/1630516307833085/?ref=browse_tab&referral_code=marketplace_top_picks&referral_story_type=top_picks&__tn__=!%3AD
DeLonghi Heater,$25,https://web.facebook.com/marketplace/item/1367254887615820/?ref=browse_tab&referral_code=marketplace_top_picks&referral_story_type=top_picks&__tn__=!%3AD
1988 Chevrolet 6.6,"$10,000",https://web.facebook.com/marketplace/item/985058696704448/?ref=browse_tab&referral_code=marketplace_top_picks&referral_story_type=top_picks&__tn__=!%3AD
Spider women 250,$250,https://web.facebook.com/marketplace/item/1168264301405065/?ref=browse_tab&referral_code=marketplace_top_picks&referral_story_type=top_picks&__tn__=!%3AD
1976 ideal 25ft,FREE,https://web.facebook.com/marketplace/item/1547805756180083/?ref=browse_tab&referral_code=marketplace_top_picks&referral_story_type=top_picks&__tn__=!%3AD
Ôøº Interstate trailer LOADRUNNER,"$7,500",https://web.facebook.com/marketplace/item/986485936739020/?ref=browse_tab&referral_code=marketplace_top_picks&referral_story_type=top_picks&__tn__=!%3AD
1993 Kawasaki klr,"$2,200",https://web.facebook.com/marketplace/item/1352073975687541/?ref=browse_tab&referral_code=marketplace_top_picks&referral_story_type=top_picks&__tn__=!%3AD
Big weekend Plants & Succulent Sale,$5,https://web.facebook.com/marketplace/item/1344891623334203/?ref=browse_tab&referral_code=marketplace_top_picks&referral_story_type=top_picks&__tn__=!%3AD
4 Beds 3 Baths House,"$3,900",https://web.facebook.com/marketplace/item/1303224900899224/?ref=browse_tab&referral_code=marketplace_top_picks&referral_story_type=top_picks&__tn__=!%3AD
Ho scale train bridge 46‚Äù long. Hand made plastic,$50,https://web.facebook.com/marketplace/item/602201549402864/?ref=browse_tab&referral_code=marketplace_top_picks&referral_story_type=top_picks&__tn__=!%3AD
Follow,,https://www.facebook.com/people/Mikhal-Mike/pfbid02MipwRAdMKgBhgQzzJWcooRHG6Rgfm6Q31PSqzMZtNQ4cYcwEja5RJkBkde6btYZvl/
Mini shopper motorcycle,$400,https://web.facebook.com/marketplace/item/1677930492795124/?ref=browse_tab&referral_code=marketplace_top_picks&referral_story_type=top_picks&__tn__=!%3AD
1991 Ford bronco Eddie Bauer,"$7,500",https://web.facebook.com/marketplace/item/4190683384498623/?ref=browse_tab&referral_code=marketplace_top_picks&referral_story_type=top_picks&__tn__=!%3AD
2011 kawasaki ninja zx10r,"$3,000",https://web.facebook.com/marketplace/item/1608886263163018/?ref=browse_tab&referral_code=marketplace_top_picks&referral_story_type=top_picks&__tn__=!%3AD
1999 Jeep wrangler,"$5,300",https://web.facebook.com/marketplace/item/488723354096722/?ref=browse_tab&referral_code=marketplace_top_picks&referral_story_type=top_picks&__tn__=!%3AD
Bayliner Trophy 21 FOOT -Klamath Trailer,$100,https://web.facebook.com/marketplace/item/524370576886351/?ref=browse_tab&referral_code=marketplace_top_picks&referral_story_type=top_picks&__tn__=!%3AD
Vendo los rines con llantas,$400,https://web.facebook.com/marketplace/item/476344535550563/?ref=browse_tab&referral_code=marketplace_top_picks&referral_story_type=top_picks&__tn__=!%3AD
1992 Dodge d250 club cab Long Bed,"$8,200",https://web.facebook.com/marketplace/item/1338834930596247/?ref=browse_tab&referral_code=marketplace_top_picks&referral_story_type=top_picks&__tn__=!%3AD
Free,FREE,https://web.facebook.com/marketplace/item/623272010418319/?ref=browse_tab&referral_code=marketplace_top_picks&referral_story_type=top_picks&__tn__=!%3AD
1944 Nunes Bros. tug/yacht,"$40,000",https://web.facebook.com/marketplace/item/1557828008261132/?ref=browse_tab&referral_code=marketplace_top_picks&referral_story_type=top_picks&__tn__=!%3AD
Distressed Grey entry cabinet,$55,https://web.facebook.com/marketplace/item/2270088120041771/?ref=browse_tab&referral_code=marketplace_top_picks&referral_story_type=top_picks&__tn__=!%3AD
2003 BMW series 6,"$1,300",https://web.facebook.com/marketplace/item/1007848174599523/?ref=browse_tab&referral_code=marketplace_top_picks&referral_story_type=top_picks&__tn__=!%3AD
Everything you need to get ripped like Jesus,$300,https://web.facebook.com/marketplace/item/1126499009274713/?ref=browse_tab&referral_code=marketplace_top_picks&referral_story_type=top_picks&__tn__=!%3AD
"Container House for Sale 20ft, high cube, one trip container","$18,000",https://web.facebook.com/marketplace/item/535419585746065/?ref=browse_tab&referral_code=marketplace_top_picks&referral_story_type=top_picks&__tn__=!%3AD
"HUGH PRICE DROP - Planes Haworth Height Adjustable Motorized Table Retail $3,000+ selling for $250",$250,https://web.facebook.com/marketplace/item/1306276744052922/?ref=browse_tab&referral_code=marketplace_top_picks&referral_story_type=top_picks&__tn__=!%3AD
1997 GMC savanna 1500 travel van,"$6,000",https://web.facebook.com/marketplace/item/1276791820218763/?ref=browse_tab&referral_code=marketplace_top_picks&referral_story_type=top_picks&__tn__=!%3AD
1991 Mazda mx-5 miata,"$2,500",https://web.facebook.com/marketplace/item/416826898160998/?ref=browse_tab&referral_code=marketplace_top_picks&referral_story_type=top_picks&__tn__=!%3AD
Kitchen table for sale (including chairs and cushions),$50,https://web.facebook.com/marketplace/item/1369078824114703/?ref=browse_tab&referral_code=marketplace_top_picks&referral_story_type=top_picks&__tn__=!%3AD
2014 Harley-Davidson streetbob,"$8,000",https://web.facebook.com/marketplace/item/938262728509325/?ref=browse_tab&referral_code=marketplace_top_picks&referral_story_type=top_picks&__tn__=!%3AD
Motorcycle single rail trailer,$500,https://web.facebook.com/marketplace/item/992955016045216/?ref=browse_tab&referral_code=marketplace_top_picks&referral_story_type=top_picks&__tn__=!%3AD
Brand new Arvin Olano Wool Rug - 8x10,$300,https://web.facebook.com/marketplace/item/1675175750091394/?ref=browse_tab&referral_code=marketplace_top_picks&referral_story_type=top_picks&__tn__=!%3AD
2014 Forest River rock wood premier,"$8,000",https://web.facebook.com/marketplace/item/1779757396144142/?ref=browse_tab&referral_code=marketplace_top_picks&referral_story_type=top_picks&__tn__=!%3AD
2001fordF150,"$2,250",https://web.facebook.com/marketplace/item/9390293287691357/?ref=browse_tab&referral_code=marketplace_top_picks&referral_story_type=top_picks&__tn__=!%3AD
Spaziale S1 Dream Espresso Machine,$450,https://web.facebook.com/marketplace/item/3910496285944854/?ref=browse_tab&referral_code=marketplace_top_picks&referral_story_type=top_picks&__tn__=!%3AD
Peloton Bike Plus Pl-02,$200,https://web.facebook.com/marketplace/item/1054338366427225/?ref=browse_tab&referral_code=marketplace_top_picks&referral_story_type=top_picks&__tn__=!%3AD
2ÂÆ§1Âç´ÁöÑÁã¨Á´ãÂÆÖÈô¢,"$2,550",https://web.facebook.com/marketplace/item/899909028755190/?ref=browse_tab&referral_code=marketplace_top_picks&referral_story_type=top_picks&__tn__=!%3AD
MacBook Air 2020,$120,https://web.facebook.com/marketplace/item/1329456371631460/?ref=browse_tab&referral_code=marketplace_top_picks&referral_story_type=top_picks&__tn__=!%3AD
Fire paw slatmill,"$1,100",https://web.facebook.com/marketplace/item/2060310531114266/?ref=browse_tab&referral_code=marketplace_top_picks&referral_story_type=top_picks&__tn__=!%3AD
1982 Mercedes-Benz 240d,"$2,000",https://web.facebook.com/marketplace/item/4056572194563613/?ref=browse_tab&referral_code=marketplace_top_picks&referral_story_type=top_picks&__tn__=!%3AD
2003 GMC yukon SLT Sport Utility 4D,"$4,000",https://web.facebook.com/marketplace/item/646687157880451/?ref=browse_tab&referral_code=marketplace_top_picks&referral_story_type=top_picks&__tn__=!%3AD
Large dog kennel,$250,https://web.facebook.com/marketplace/item/945854497694439/?ref=browse_tab&referral_code=marketplace_top_picks&referral_story_type=top_picks&__tn__=!%3AD
PRS Electric Guitar (pending),$300,https://web.facebook.com/marketplace/item/1117692256819227/?ref=browse_tab&referral_code=marketplace_top_picks&referral_story_type=top_picks&__tn__=!%3AD
Follow,,https://www.facebook.com/people/Mikhal-Mike/pfbid02N2dTgfvpKt3hhWv4KowJLs8JBPEnStsSXzyjiPPkEhcYg5VLQxA61PQaoy2wKxeJl/
"2009 Honda civic Ex 77,000 Miles","$7,950",https://web.facebook.com/marketplace/item/1672217613696361/?ref=browse_tab&referral_code=marketplace_top_picks&referral_story_type=top_picks&__tn__=!%3AD
2011 Landing craft landing craft,"$425,000",https://web.facebook.com/marketplace/item/1093238261996262/?ref=browse_tab&referral_code=marketplace_top_picks&referral_story_type=top_picks&__tn__=!%3AD
Atlas Travel Trailer 2019,"$20,000",https://web.facebook.com/marketplace/item/639236345301175/?ref=browse_tab&referral_code=marketplace_top_picks&referral_story_type=top_picks&__tn__=!%3AD
2014 Mitsubishi fuso,"$5,500",https://web.facebook.com/marketplace/item/504605915712815/?ref=browse_tab&referral_code=marketplace_top_picks&referral_story_type=top_picks&__tn__=!%3AD
2008 Honda civic EX Sedan 4D,"$2,500",https://web.facebook.com/marketplace/item/500591952817139/?ref=browse_tab&referral_code=marketplace_top_picks&referral_story_type=top_picks&__tn__=!%3AD
"Free electric stove, washer and dryer",FREE,https://web.facebook.com/marketplace/item/1137064311019460/?ref=browse_tab&referral_code=marketplace_top_picks&referral_story_type=top_picks&__tn__=!%3AD
2016 Chevrolet camaro ss2,"$28,000",https://web.facebook.com/marketplace/item/1167494401619190/?ref=browse_tab&referral_code=marketplace_top_picks&referral_story_type=top_picks&__tn__=!%3AD
"2001 Chevrolet 3500 hd regular cab & chassis 160"" WB","$1,000",https://web.facebook.com/marketplace/item/1144507033893210/?ref=browse_tab&referral_code=marketplace_top_picks&referral_story_type=top_picks&__tn__=!%3AD
Cruiser Ebike - Needs Work.,$100,https://web.facebook.com/marketplace/item/1084744950004990/?ref=browse_tab&referral_code=marketplace_top_picks&referral_story_type=top_picks&__tn__=!%3AD
Jeep trailer,"$1,500",https://web.facebook.com/marketplace/item/480407795120366/?ref=browse_tab&referral_code=marketplace_top_picks&referral_story_type=top_picks&__tn__=!%3AD
2005 Yamaha TW200,"$3,500",https://web.facebook.com/marketplace/item/9279748038779313/?ref=browse_tab&referral_code=marketplace_top_picks&referral_story_type=top_picks&__tn__=!%3AD
2008 Dodge Charger RT HEMI,$800,https://web.facebook.com/marketplace/item/840666591524801/?ref=browse_tab&referral_code=marketplace_top_picks&referral_story_type=top_picks&__tn__=!%3AD
2 Beds 1 Bath - Apartment,"$2,875",https://web.facebook.com/marketplace/item/1323514688979695/?ref=browse_tab&referral_code=marketplace_top_picks&referral_story_type=top_picks&__tn__=!%3AD
Catio,$75,https://web.facebook.com/marketplace/item/1613843589495199/?ref=browse_tab&referral_code=marketplace_top_picks&referral_story_type=top_picks&__tn__=!%3AD
Small food trailer/ food cart,"$1,250",https://web.facebook.com/marketplace/item/659466173110630/?ref=browse_tab&referral_code=marketplace_top_picks&referral_story_type=top_picks&__tn__=!%3AD
Follow,,https://www.facebook.com/people/Mikhal-Mike/pfbid0J12kCrjFf7kPkdRn6njnKEXhnD48CPjnbxkfHwE9LKYpJ1JvrTc14ZjCemW8sWUMl/
New balance 530,"ETB5,000",https://web.facebook.com/marketplace/item/1290062532105175/?ref=marketplace_profile&referral_code=undefined&__tn__=!%3AD
Jordan 3,"ETB7,500",https://web.facebook.com/marketplace/item/1425263268436022/?ref=marketplace_profile&referral_code=undefined&__tn__=!%3AD
Lowa mans shose,"ETB7,000",https://web.facebook.com/marketplace/item/980726150666533/?ref=marketplace_profile&referral_code=undefined&__tn__=!%3AD
Adidas samba,"ETB6,500",https://web.facebook.com/marketplace/item/610293695198814/?ref=marketplace_profile&referral_code=undefined&__tn__=!%3AD
Sell,,https://m.facebook.com/login/device-based/regular/login/?login_attempt=1&next=https%3A%2F%2Fwww.facebook.com%2Fmarketplace%2Fprofile%2F100089617338533%2F%3F_rdc%3D1%26_rdr
Toyota pickup 1993 extra cab,"$16,500",https://web.facebook.com/marketplace/item/1646125472965034/?ref=browse_tab&referral_code=marketplace_top_picks&referral_story_type=top_picks&__tn__=!%3AD
2009 MINI Cooper Hatchback 2D,"$2,500",https://web.facebook.com/marketplace/item/1140633357595962/?ref=browse_tab&referral_code=marketplace_top_picks&referral_story_type=top_picks&__tn__=!%3AD
Dresser,$20,https://web.facebook.com/marketplace/item/488534144136312/?ref=browse_tab&referral_code=marketplace_top_picks&referral_story_type=top_picks&__tn__=!%3AD
Estatua de Alvin y las ardillas tama√±o humano,"$1,200",https://web.facebook.com/marketplace/item/1399181707766986/?ref=browse_tab&referral_code=marketplace_top_picks&referral_story_type=top_picks&__tn__=!%3AD
1995 Sierra 26ft trailer,"$2,200",https://web.facebook.com/marketplace/item/612330634709354/?ref=browse_tab&referral_code=marketplace_top_picks&referral_story_type=top_picks&__tn__=!%3AD
Outdoor Shed,$200,https://web.facebook.com/marketplace/item/1317225936272495/?ref=browse_tab&referral_code=marketplace_top_picks&referral_story_type=top_picks&__tn__=!%3AD
1980 Mercedes-Benz 300 sd Sedan 4D,"$4,700",https://web.facebook.com/marketplace/item/510748808286466/?ref=browse_tab&referral_code=marketplace_top_picks&referral_story_type=top_picks&__tn__=!%3AD
Vende mi Traila por motivo de viaje,"$2,500",https://web.facebook.com/marketplace/item/1582890822347188/?ref=browse_tab&referral_code=marketplace_top_picks&referral_story_type=top_picks&__tn__=!%3AD
Santa Cruz Tallboy 2 (2013 / Large / Aluminum),$480,https://web.facebook.com/marketplace/item/639680365674735/?ref=browse_tab&referral_code=marketplace_top_picks&referral_story_type=top_picks&__tn__=!%3AD
Outdoor patio furniture,$650,https://web.facebook.com/marketplace/item/622056947208569/?ref=browse_tab&referral_code=marketplace_top_picks&referral_story_type=top_picks&__tn__=!%3AD
1996 Daihatsu hijet,"$5,950",https://web.facebook.com/marketplace/item/5961378243955610/?ref=browse_tab&referral_code=marketplace_top_picks&referral_story_type=top_picks&__tn__=!%3AD
1965 Volkswagen dune buggy,$500,https://web.facebook.com/marketplace/item/674213161944648/?ref=browse_tab&referral_code=marketplace_top_picks&referral_story_type=top_picks&__tn__=!%3AD
2009 Audi a3,"$4,800",https://web.facebook.com/marketplace/item/1936269040234161/?ref=browse_tab&referral_code=marketplace_top_picks&referral_story_type=top_picks&__tn__=!%3AD
2011 Honda cr-z,"$5,000",https://web.facebook.com/marketplace/item/3878254472439255/?ref=browse_tab&referral_code=marketplace_top_picks&referral_story_type=top_picks&__tn__=!%3AD
2007 Ford,"$5,800",https://web.facebook.com/marketplace/item/461634766917731/?ref=browse_tab&referral_code=marketplace_top_picks&referral_story_type=top_picks&__tn__=!%3AD
Dining Table w chairs FREE,FREE,https://web.facebook.com/marketplace/item/1346555623054253/?ref=browse_tab&referral_code=marketplace_top_picks&referral_story_type=top_picks&__tn__=!%3AD
Follow,,https://m.facebook.com/profile.php?id=100089617338533
2008 BMW 1 series 135i Coupe 2D,"$4,500",https://web.facebook.com/marketplace/item/1185249603176602/?ref=browse_tab&referral_code=marketplace_top_picks&referral_story_type=top_picks&__tn__=!%3AD
1985 Porsche,"$2,500",https://web.facebook.com/marketplace/item/644191391445753/?ref=browse_tab&referral_code=marketplace_top_picks&referral_story_type=top_picks&__tn__=!%3AD
Pool table for sale,$200,https://web.facebook.com/marketplace/item/2311807985886620/?ref=browse_tab&referral_code=marketplace_top_picks&referral_story_type=top_picks&__tn__=!%3AD
2021 M Ibis Mojo 4,"$1,500",https://web.facebook.com/marketplace/item/585077428018409/?ref=browse_tab&referral_code=marketplace_top_picks&referral_story_type=top_picks&__tn__=!%3AD
1965 Vespa super sport frankenstein,"$2,500",https://web.facebook.com/marketplace/item/1159304838932929/?ref=browse_tab&referral_code=marketplace_top_picks&referral_story_type=top_picks&__tn__=!%3AD
Dyson complete long,$300,https://web.facebook.com/marketplace/item/1520429721968762/?ref=browse_tab&referral_code=marketplace_top_picks&referral_story_type=top_picks&__tn__=!%3AD
Mac Pro 2019 | 3.2G 16-Core | 96 G Mem | 2T SSD | AMD Radeon Pro 580X 8G,"$1,320",https://web.facebook.com/marketplace/item/1414585512885062/?ref=browse_tab&referral_code=marketplace_top_picks&referral_story_type=top_picks&__tn__=!%3AD
Vending machine,$250,https://web.facebook.com/marketplace/item/650145664174319/?ref=browse_tab&referral_code=marketplace_top_picks&referral_story_type=top_picks&__tn__=!%3AD
2006 Isuzu npr box truck,"$4,900",https://web.facebook.com/marketplace/item/1343290567095387/?ref=browse_tab&referral_code=marketplace_top_picks&referral_story_type=top_picks&__tn__=!%3AD
Corner kitchen banquette bench set,$50,https://web.facebook.com/marketplace/item/1332791581179491/?ref=browse_tab&referral_code=marketplace_top_picks&referral_story_type=top_picks&__tn__=!%3AD
La Marzocco Linea Classic + Grinder,"$9,500",https://web.facebook.com/marketplace/item/1310866950182747/?ref=browse_tab&referral_code=marketplace_top_picks&referral_story_type=top_picks&__tn__=!%3AD
2002 Thor Motor Coach tahoe,"$4,700",https://web.facebook.com/marketplace/item/905332221517209/?ref=browse_tab&referral_code=marketplace_top_picks&referral_story_type=top_picks&__tn__=!%3AD
Hydra Combo Leg-Extension/Leg Curl,"$1,400",https://web.facebook.com/marketplace/item/1708382293114872/?ref=browse_tab&referral_code=marketplace_top_picks&referral_story_type=top_picks&__tn__=!%3AD
Soda Machine,$80,https://web.facebook.com/marketplace/item/629567643342765/?ref=browse_tab&referral_code=marketplace_top_picks&referral_story_type=top_picks&__tn__=!%3AD
2017 Ford focus,"$2,800",https://web.facebook.com/marketplace/item/1395733035141700/?ref=browse_tab&referral_code=marketplace_top_picks&referral_story_type=top_picks&__tn__=!%3AD
1982 Ranger 18‚Äô,"$1,500",https://web.facebook.com/marketplace/item/3971977979789136/?ref=browse_tab&referral_code=marketplace_top_picks&referral_story_type=top_picks&__tn__=!%3AD
Baby Grand Piano in Los Altos,"$1,000",https://web.facebook.com/marketplace/item/1098052168788236/?ref=browse_tab&referral_code=marketplace_top_picks&referral_story_type=top_picks&__tn__=!%3AD
Cougar PC Case Conquer (Pink),$70,https://web.facebook.com/marketplace/item/1140556520842726/?ref=browse_tab&referral_code=marketplace_top_picks&referral_story_type=top_picks&__tn__=!%3AD
Follow,,https://www.facebook.com/people/Mikhal-Mike/pfbid0JJqGUN2ifBcxFrqMuSMwrWt3Dk7UBS5hipqTd1F8iCrtySt1ToKfgy2oH4UmF8mHl/
1995 Ford f150 regular cab Short Bed,"$4,500",https://web.facebook.com/marketplace/item/1334061314575627/?ref=browse_tab&referral_code=marketplace_top_picks&referral_story_type=top_picks&__tn__=!%3AD
1969 Titan carson,"$3,300",https://web.facebook.com/marketplace/item/1178992560310150/?ref=browse_tab&referral_code=marketplace_top_picks&referral_story_type=top_picks&__tn__=!%3AD
1997 Chevrolet c1500,"$30,000",https://web.facebook.com/marketplace/item/1493708595349469/?ref=browse_tab&referral_code=marketplace_top_picks&referral_story_type=top_picks&__tn__=!%3AD
2007 International 4300,"$3,500",https://web.facebook.com/marketplace/item/2279865709073530/?ref=browse_tab&referral_code=marketplace_top_picks&referral_story_type=top_picks&__tn__=!%3AD
Hippy sheik dresser,$50,https://web.facebook.com/marketplace/item/514948211638544/?ref=browse_tab&referral_code=marketplace_top_picks&referral_story_type=top_picks&__tn__=!%3AD
1990 Ford mustang lx 5.0,"$7,000",https://web.facebook.com/marketplace/item/1131395268713406/?ref=browse_tab&referral_code=marketplace_top_picks&referral_story_type=top_picks&__tn__=!%3AD
2003 Toyota tacoma,"$28,000",https://web.facebook.com/marketplace/item/625836986792936/?ref=browse_tab&referral_code=marketplace_top_picks&referral_story_type=top_picks&__tn__=!%3AD
Wall Unit,"$2,500",https://web.facebook.com/marketplace/item/1327263095274283/?ref=browse_tab&referral_code=marketplace_top_picks&referral_story_type=top_picks&__tn__=!%3AD
Toro 22‚Äù Recycler Briggs & Stratton Gas walk behind mower,$150,https://web.facebook.com/marketplace/item/1071533884731544/?ref=browse_tab&referral_code=marketplace_top_picks&referral_story_type=top_picks&__tn__=!%3AD
2002 Coachmen aurora,"$12,500",https://web.facebook.com/marketplace/item/1755258561919764/?ref=browse_tab&referral_code=marketplace_top_picks&referral_story_type=top_picks&__tn__=!%3AD
Pool table light,$100,https://web.facebook.com/marketplace/item/2609005879452747/?ref=browse_tab&referral_code=marketplace_top_picks&referral_story_type=top_picks&__tn__=!%3AD
toyota pruis 2007 clean title,"$3,900",https://web.facebook.com/marketplace/item/1162859608747822/?ref=browse_tab&referral_code=marketplace_top_picks&referral_story_type=top_picks&__tn__=!%3AD
1932 Chrysler 4 door sedan,"$5,000",https://web.facebook.com/marketplace/item/617696001155002/?ref=browse_tab&referral_code=marketplace_top_picks&referral_story_type=top_picks&__tn__=!%3AD
1999 BMW 3 series 328i Sedan 4D,"$4,900",https://web.facebook.com/marketplace/item/680081338258878/?ref=browse_tab&referral_code=marketplace_top_picks&referral_story_type=top_picks&__tn__=!%3AD
2000 Fleetwood prowler,"$3,800",https://web.facebook.com/marketplace/item/1707367360125911/?ref=browse_tab&referral_code=marketplace_top_picks&referral_story_type=top_picks&__tn__=!%3AD
Follow,,https://www.facebook.com/people/Mikhal-Mike/pfbid02MgKT6PPLgroxi1WW6NtoB3RQ4Mjx3YGxAf8fjt4ETevsqQGTebyEH6Q3StdLuYPzl/
Surron x light bee |2023| !!!NEED GONE ASAP!!! project bike,"$1,000",https://web.facebook.com/marketplace/item/934886078800629/?ref=browse_tab&referral_code=marketplace_top_picks&referral_story_type=top_picks&__tn__=!%3AD
2008 Ducati Hypermotard 1100,"$1,750",https://web.facebook.com/marketplace/item/640207215031930/?ref=browse_tab&referral_code=marketplace_top_picks&referral_story_type=top_picks&__tn__=!%3AD
1976 Dodge tioga ii,"$3,995",https://web.facebook.com/marketplace/item/1100905088387977/?ref=browse_tab&referral_code=marketplace_top_picks&referral_story_type=top_picks&__tn__=!%3AD
Rines,$350,https://web.facebook.com/marketplace/item/9556901517682293/?ref=browse_tab&referral_code=marketplace_top_picks&referral_story_type=top_picks&__tn__=!%3AD
2005 Starcraft 2312,"$9,995",https://web.facebook.com/marketplace/item/624106210242412/?ref=browse_tab&referral_code=marketplace_top_picks&referral_story_type=top_picks&__tn__=!%3AD
Beer Kegerator,$50,https://web.facebook.com/marketplace/item/999687695354122/?ref=browse_tab&referral_code=marketplace_top_picks&referral_story_type=top_picks&__tn__=!%3AD
C5 Corvette hard top base model 2002,"$10,000",https://web.facebook.com/marketplace/item/1828565507946458/?ref=browse_tab&referral_code=marketplace_top_picks&referral_story_type=top_picks&__tn__=!%3AD
Cherry tree in the ground,$20,https://web.facebook.com/marketplace/item/945109777829422/?ref=browse_tab&referral_code=marketplace_top_picks&referral_story_type=top_picks&__tn__=!%3AD
Heavy Duty & Handmade Medieval/ Renaissance Stocks,$250,https://web.facebook.com/marketplace/item/573771025719604/?ref=browse_tab&referral_code=marketplace_top_picks&referral_story_type=top_picks&__tn__=!%3AD
"High Anxiety Impact Crate 40""",$800,https://web.facebook.com/marketplace/item/3979820375576196/?ref=browse_tab&referral_code=marketplace_top_picks&referral_story_type=top_picks&__tn__=!%3AD
House -fully renovated,"$3,000",https://web.facebook.com/marketplace/item/944583321210045/?ref=browse_tab&referral_code=marketplace_top_picks&referral_story_type=top_picks&__tn__=!%3AD
1974 Volkswagen beetle 1.8T Hatchback 2D,"$2,800",https://web.facebook.com/marketplace/item/1161926048614649/?ref=browse_tab&referral_code=marketplace_top_picks&referral_story_type=top_picks&__tn__=!%3AD
Coachmen Trailer,$700,https://web.facebook.com/marketplace/item/1268474547556454/?ref=browse_tab&referral_code=marketplace_top_picks&referral_story_type=top_picks&__tn__=!%3AD
Table and chairs,$40,https://web.facebook.com/marketplace/item/670312962077080/?ref=browse_tab&referral_code=marketplace_top_picks&referral_story_type=top_picks&__tn__=!%3AD
Suncast 6‚Äôx4‚Äô shed,$250,https://web.facebook.com/marketplace/item/4041044272833520/?ref=browse_tab&referral_code=marketplace_top_picks&referral_story_type=top_picks&__tn__=!%3AD
Follow,,https://www.facebook.com/people/Mikhal-Mike/pfbid0J8gGBDkyqnuDMA9d9KXA4yWnw83AqtHHwJZ8wTXEwVV6771WnK6nU5WwGLrpy3yZl/
Create new listing,,https://web.facebook.com/marketplace/
Sell,,https://www.facebook.com/login/device-based/regular/login/?login_attempt=1&next=https%3A%2F%2Fwww.facebook.com%2Fmarketplace%2Fprofile%2F100089617338533%2F%3F_rdc%3D1%26_rdr
2007 Ford f150 super cab XLT Pickup 4D 8 ft,"$1,000",https://web.facebook.com/marketplace/item/1161415825593591/?ref=browse_tab&referral_code=marketplace_top_picks&referral_story_type=top_picks&__tn__=!%3AD
2004 Kawasaki ex250,$600,https://web.facebook.com/marketplace/item/624782270182338/?ref=browse_tab&referral_code=marketplace_top_picks&referral_story_type=top_picks&__tn__=!%3AD
2001 Volkswagen new beetle,$900,https://web.facebook.com/marketplace/item/619145941030534/?ref=browse_tab&referral_code=marketplace_top_picks&referral_story_type=top_picks&__tn__=!%3AD
"For sale 2021 Heartland Mallard M210RB $16,500 (Title in hand) Great Couples Coach w/1 slide","$16,500",https://web.facebook.com/marketplace/item/1138402037983496/?ref=browse_tab&referral_code=marketplace_top_picks&referral_story_type=top_picks&__tn__=!%3AD
Outdoor cooler table,$60,https://web.facebook.com/marketplace/item/615066627955678/?ref=browse_tab&referral_code=marketplace_top_picks&referral_story_type=top_picks&__tn__=!%3AD
2020 Other other,"$7,000",https://web.facebook.com/marketplace/item/9638573796194785/?ref=browse_tab&referral_code=marketplace_top_picks&referral_story_type=top_picks&__tn__=!%3AD
Liberty Gun Safe,$100,https://web.facebook.com/marketplace/item/1576559423044434/?ref=browse_tab&referral_code=marketplace_top_picks&referral_story_type=top_picks&__tn__=!%3AD
Whisper Room,"$1,500",https://web.facebook.com/marketplace/item/1414485643257054/?ref=browse_tab&referral_code=marketplace_top_picks&referral_story_type=top_picks&__tn__=!%3AD
Dieter Rams Braun Wall Sound System,"$50,000",https://web.facebook.com/marketplace/item/630090146336267/?ref=browse_tab&referral_code=marketplace_top_picks&referral_story_type=top_picks&__tn__=!%3AD
Hover craft,"$2,000",https://web.facebook.com/marketplace/item/1815748609175310/?ref=browse_tab&referral_code=marketplace_top_picks&referral_story_type=top_picks&__tn__=!%3AD
2022 CB500F [low miles],"$2,500",https://web.facebook.com/marketplace/item/2037484286748621/?ref=browse_tab&referral_code=marketplace_top_picks&referral_story_type=top_picks&__tn__=!%3AD
Husky tool boxes,$320,https://web.facebook.com/marketplace/item/1273850037012847/?ref=browse_tab&referral_code=marketplace_top_picks&referral_story_type=top_picks&__tn__=!%3AD
Oven,$100,https://web.facebook.com/marketplace/item/1880288399412267/?ref=browse_tab&referral_code=marketplace_top_picks&referral_story_type=top_picks&__tn__=!%3AD
2007 Yamaha rhino 450 4x4,"$3,800",https://web.facebook.com/marketplace/item/1375543537149516/?ref=browse_tab&referral_code=marketplace_top_picks&referral_story_type=top_picks&__tn__=!%3AD
Free Bricks,FREE,https://web.facebook.com/marketplace/item/1388438642321008/?ref=browse_tab&referral_code=marketplace_top_picks&referral_story_type=top_picks&__tn__=!%3AD
"2007 Jayco Jayflight 26‚Äô Trailer ‚Äì Renovated, Solar-Powered","$12,500",https://web.facebook.com/marketplace/item/887020813397435/?ref=browse_tab&referral_code=marketplace_top_picks&referral_story_type=top_picks&__tn__=!%3AD
1972 INTERNATIONAL TRAVELERS,"$3,500",https://web.facebook.com/marketplace/item/1364116674981250/?ref=browse_tab&referral_code=marketplace_top_picks&referral_story_type=top_picks&__tn__=!%3AD
2008 Audi tt Coupe 2D,"$6,000",https://web.facebook.com/marketplace/item/535142372248761/?ref=browse_tab&referral_code=marketplace_top_picks&referral_story_type=top_picks&__tn__=!%3AD
Follow,,https://www.facebook.com/people/Mikhal-Mike/pfbid02Mz7yMtgoh49vi9zA1L3tb5P1yLPcbs9Rxm8oY64Hrj8MG9wJPoGbuvuQWfXkBR7fl/
Puma takati,,https://web.facebook.com/marketplace/item/951450607113958/?ref=marketplace_profile&referral_code=undefined&__tn__=!%3AD
Nike Dunk Low,"ETB6,500",https://web.facebook.com/marketplace/item/1139764357461202/?ref=marketplace_profile&referral_code=undefined&__tn__=!%3AD
New balance 530,"ETB6,500",https://web.facebook.com/marketplace/item/1304669134084327/?ref=marketplace_profile&referral_code=undefined&__tn__=!%3AD
Sandal Unisex Shose,"ETB5,500",https://web.facebook.com/marketplace/item/1297802544776297/?ref=marketplace_profile&referral_code=undefined&__tn__=!%3AD
Sandal Unisex shose,"ETB5,500",https://web.facebook.com/marketplace/item/1107508601176207/?ref=marketplace_profile&referral_code=undefined&__tn__=!%3AD
Sandal unisex ahose,"ETB5,500",https://web.facebook.com/marketplace/item/4342989422648220/?ref=marketplace_profile&referral_code=undefined&__tn__=!%3AD
Nike SB,"ETB5,000",https://web.facebook.com/marketplace/item/648189964278678/?ref=marketplace_profile&referral_code=undefined&__tn__=!%3AD
Jordan 11,"ETB6,500",https://web.facebook.com/marketplace/item/510010431754779/?ref=marketplace_profile&referral_code=undefined&__tn__=!%3AD
