Title,Frequency
kinesiology tape,2
foam roller,2
zara shoes fron spain,1
Kirkland Minoxidil from USA,1
Zara shoes,1
Zara original shoes,1
posture corrector,1
manual jar water pump,1
zara shoes,1
gambol sandals ðŸ©´ shoes,1
EMS six pack vibrator and fat burner,1
pull & bear shoes,1
football shoes,1
Total glue gun with 2 Stick,1
football fotsal shoes,1
pull and bear,1
finger hand griper,1
hairgrow premium for men,1
sauna suit workout vest,1
dual wheels roller,1
Molten ball,1
gym and motor glove,1
cania sandals ðŸ©´ shoes,1
abdominal wheel roller,1
Neo hair lotion ðŸ§´,1
MIELLE rosemary oil,1
football shoes soccer,1
dugana,1
rosemary mint & biotin,1
Hip thrust and squat barbell pad,1
puma footsal shoes,1
zara original shoes from Spain,1
Shaik perfume,1
surface laptop 4,1
resistance bands set,1
Samsung Galaxy s24+,1
sweat belt,1
NEO HAIR LOTION PARADISE,1
sauvage,1
samsung s24+,1
