Title,Price,Description,Condition,Location,Link,Status
Zara shoes,8500.0,"Zara shoes from Spain 40,41,42,43...",N/A,Addis Ababa,https://engocha.com/classifieds/102061-zara-shoes?utm_source=engocha&utm_medium=web&utm_content_dup_removed=&utm_content=seller%20page&utm_position=1&utm_campaign=normal,New
manual jar water pump,750.0,easy to use...,New,Addis Ababa,https://engocha.com/classifieds/118541-manual-jar-water-pump?utm_source=engocha&utm_medium=web&utm_content_dup_removed=&utm_content=seller%20page&utm_position=2&utm_campaign=normal,New
posture corrector,1500.0,posture corrector for men and women...,N/A,Addis Ababa,https://engocha.com/classifieds/114234-posture-corrector?utm_source=engocha&utm_medium=web&utm_content_dup_removed=&utm_content=seller%20page&utm_position=3&utm_campaign=normal,New
Kirkland Minoxidil from USA,1500.0,premium products only from USA Ghori derma roller (DRS) with warranty...,N/A,Addis Ababa,https://engocha.com/classifieds/100583-kirkland-minoxidil-from-usa?utm_source=engocha&utm_medium=web&utm_content_dup_removed=&utm_content=seller%20page&utm_position=4&utm_campaign=normal,New
zara shoes fron spain,8500.0,"premium Quality zara shoe from spain https://t.me/akia1storee made in veitnam 40,41,42,43...",New,Addis Ababa,https://engocha.com/classifieds/166988-zara-shoes-fron-spain?utm_source=engocha&utm_medium=web&utm_content_dup_removed=&utm_content=seller%20page&utm_position=5&utm_campaign=normal,New
Zara original shoes,8500.0,"Zara original shoes from Spain size 41,42,43 https://t.me/akia1storee...",N/A,Addis Ababa,https://engocha.com/classifieds/100579-zara-original-shoes?utm_source=engocha&utm_medium=web&utm_content_dup_removed=&utm_content=seller%20page&utm_position=6&utm_campaign=normal,New
gambol sandals ðŸ©´ shoes,2999.0,premium quality made in Thailand size available from 41...,N/A,Addis Ababa,https://engocha.com/classifieds/126306-gambol-sandals-shoes?utm_source=engocha&utm_medium=web&utm_content_dup_removed=&utm_content=seller%20page&utm_position=7&utm_campaign=normal,New
zara shoes,8500.0,"premium quality zara shoes from spain 40,41,42,43.. telegram https://t.me/akia1storee...",New,Addis Ababa,https://engocha.com/classifieds/156100-zara-shoes?utm_source=engocha&utm_medium=web&utm_content_dup_removed=&utm_content=seller%20page&utm_position=8&utm_campaign=normal,New
pull & bear shoes,8500.0,"premium quality P&B shoes from Spain 40,41,42.. ...",New,Addis Ababa,https://engocha.com/classifieds/143352-pull-bear-shoes?utm_source=engocha&utm_medium=web&utm_content_dup_removed=&utm_content=seller%20page&utm_position=9&utm_campaign=normal,New
pull and bear,8500.0,"pull&Bear premium Made in veitnham Size 40,41,42,.....",New,Addis Ababa,https://engocha.com/classifieds/143234-pull-and-bear?utm_source=engocha&utm_medium=web&utm_content_dup_removed=&utm_content=seller%20page&utm_position=10&utm_campaign=normal,New
EMS six pack vibrator and fat burner,1550.0,quality EMS electric muscle stimulation for six-pack...,N/A,Addis Ababa,https://engocha.com/classifieds/131179-ems-six-pack-vibrator-and-fat-burner?utm_source=engocha&utm_medium=web&utm_content_dup_removed=&utm_content=seller%20page&utm_position=11&utm_campaign=normal,New
abdominal wheel roller,4000.0,quality material abdominal wheel roller for abs workout...,New,Addis Ababa,https://engocha.com/classifieds/116047-abdominal-wheel-roller?utm_source=engocha&utm_medium=web&utm_content_dup_removed=&utm_content=seller%20page&utm_position=12&utm_campaign=normal,New
football shoes,7000.0,"Adidas and Nike football shoes 41,42,43,44........",N/A,Addis Ababa,https://engocha.com/classifieds/132195-football-shoes?utm_source=engocha&utm_medium=web&utm_content_dup_removed=&utm_content=seller%20page&utm_position=13&utm_campaign=normal,New
Total glue gun with 2 Stick,2100.0,premium quality Total glue gun for description see the pic...,New,Addis Ababa,https://engocha.com/classifieds/119317-total-glue-gun-with-2-stick?utm_source=engocha&utm_medium=web&utm_content_dup_removed=&utm_content=seller%20page&utm_position=14&utm_campaign=normal,New
football fotsal shoes,6900.0,"football fotsal shoes 40, 41, 42, 43......",N/A,Addis Ababa,https://engocha.com/classifieds/131786-football-fotsal-shoes?utm_source=engocha&utm_medium=web&utm_content_dup_removed=&utm_content=seller%20page&utm_position=15&utm_campaign=normal,New
finger hand griper,950.0,finger griper forearm strength training effective for hand exercise...,New,Addis Ababa,https://engocha.com/classifieds/112179-finger-hand-griper?utm_source=engocha&utm_medium=web&utm_content_dup_removed=&utm_content=seller%20page&utm_position=16&utm_campaign=normal,New
